,edit_id,path_to_file,line_id,diff_operation,rule,change_type
0,3143eb31-07ac-40ca-bb23-8f853bbd43e6,kernel_wrapper2.dp.cpp,ef7e36fc-1d03-4b6a-b3de-41e1363adeb5,DiffOperationEnum.delete,Fix1003Rule,ChangeTypeEnum.fix
1,3143eb31-07ac-40ca-bb23-8f853bbd43e6,kernel_wrapper2.dp.cpp,286d1866-cace-4ad8-b117-8b6b74e3dd43,DiffOperationEnum.delete,Fix1003Rule,ChangeTypeEnum.fix
2,3143eb31-07ac-40ca-bb23-8f853bbd43e6,kernel_wrapper2.dp.cpp,e5d87713-e578-4ca5-9268-26dfc5dd85af,DiffOperationEnum.delete,Fix1003Rule,ChangeTypeEnum.fix
3,3143eb31-07ac-40ca-bb23-8f853bbd43e6,kernel_wrapper2.dp.cpp,c06904ee-dca7-46e5-b8ec-0c1f847100fe,DiffOperationEnum.delete,Fix1003Rule,ChangeTypeEnum.fix
4,3143eb31-07ac-40ca-bb23-8f853bbd43e6,kernel_wrapper2.dp.cpp,5bd82aed-a3cf-45ab-a76d-546bf2e18527,DiffOperationEnum.delete,Fix1003Rule,ChangeTypeEnum.fix
5,3143eb31-07ac-40ca-bb23-8f853bbd43e6,kernel_wrapper2.dp.cpp,9945d5f0-ea58-44c5-a89d-33f305a780aa,DiffOperationEnum.add,Fix1003Rule,ChangeTypeEnum.fix
6,f7dc5445-9be6-4492-838f-9d8a91bb2c3f,chi2.dp.cpp,ce5d418b-1aa2-473c-b052-1cb314d5d687,DiffOperationEnum.delete,Fix1003Rule,ChangeTypeEnum.fix
7,f7dc5445-9be6-4492-838f-9d8a91bb2c3f,chi2.dp.cpp,7105f7a5-0e20-4c08-b2b5-2504aeb0c7a5,DiffOperationEnum.delete,Fix1003Rule,ChangeTypeEnum.fix
8,f7dc5445-9be6-4492-838f-9d8a91bb2c3f,chi2.dp.cpp,05c54bb6-6dc5-4ae0-897e-252fcde848aa,DiffOperationEnum.delete,Fix1003Rule,ChangeTypeEnum.fix
9,f7dc5445-9be6-4492-838f-9d8a91bb2c3f,chi2.dp.cpp,cbca1261-ba58-49b8-ae64-6c22fee10605,DiffOperationEnum.delete,Fix1003Rule,ChangeTypeEnum.fix
10,f7dc5445-9be6-4492-838f-9d8a91bb2c3f,chi2.dp.cpp,219fa012-38b9-4ef0-b98e-a140e46ffbd0,DiffOperationEnum.delete,Fix1003Rule,ChangeTypeEnum.fix
11,f7dc5445-9be6-4492-838f-9d8a91bb2c3f,chi2.dp.cpp,4c085a78-3502-4ef1-b462-f3fa3ac44f05,DiffOperationEnum.add,Fix1003Rule,ChangeTypeEnum.fix
12,b1563987-99c1-49de-8afb-93edbf3fb684,chi2.dp.cpp,434f7e59-02c8-4e84-9ebf-7132c349ba0b,DiffOperationEnum.delete,Fix1003Rule,ChangeTypeEnum.fix
13,b1563987-99c1-49de-8afb-93edbf3fb684,chi2.dp.cpp,65b859a7-566a-48ac-a602-880855bdcea5,DiffOperationEnum.delete,Fix1003Rule,ChangeTypeEnum.fix
14,b1563987-99c1-49de-8afb-93edbf3fb684,chi2.dp.cpp,d19ed64b-4b9d-40a5-8ef6-7bdb3c578c2a,DiffOperationEnum.delete,Fix1003Rule,ChangeTypeEnum.fix
15,b1563987-99c1-49de-8afb-93edbf3fb684,chi2.dp.cpp,59ebb19c-857a-4952-bd40-5a2106db80a7,DiffOperationEnum.delete,Fix1003Rule,ChangeTypeEnum.fix
16,b1563987-99c1-49de-8afb-93edbf3fb684,chi2.dp.cpp,e29acd6b-5cbf-4d22-ae47-7764a0f3a649,DiffOperationEnum.delete,Fix1003Rule,ChangeTypeEnum.fix
17,b1563987-99c1-49de-8afb-93edbf3fb684,chi2.dp.cpp,4cbbc51a-e666-433d-b86c-593ccfe75b99,DiffOperationEnum.delete,Fix1003Rule,ChangeTypeEnum.fix
18,b1563987-99c1-49de-8afb-93edbf3fb684,chi2.dp.cpp,8061be49-20eb-4c9b-8056-67013536dd3f,DiffOperationEnum.delete,Fix1003Rule,ChangeTypeEnum.fix
19,b1563987-99c1-49de-8afb-93edbf3fb684,chi2.dp.cpp,0cbce71c-e85d-4b70-9e59-c9e17d3adcf5,DiffOperationEnum.delete,Fix1003Rule,ChangeTypeEnum.fix
20,b1563987-99c1-49de-8afb-93edbf3fb684,chi2.dp.cpp,e9f8cd4a-3045-4396-87df-15be4f4b3c5f,DiffOperationEnum.add,Fix1003Rule,ChangeTypeEnum.fix
21,23c54600-c55d-4aa5-8dac-2fe6cc75cce5,chi2.dp.cpp,cc748c81-dae1-46bd-83a4-f4344610f422,DiffOperationEnum.delete,Fix1003Rule,ChangeTypeEnum.fix
22,23c54600-c55d-4aa5-8dac-2fe6cc75cce5,chi2.dp.cpp,2cbbf198-7c1b-420b-b812-cc666c9e895b,DiffOperationEnum.delete,Fix1003Rule,ChangeTypeEnum.fix
23,23c54600-c55d-4aa5-8dac-2fe6cc75cce5,chi2.dp.cpp,6a3fa5bf-8525-4b38-9603-6bd76de28330,DiffOperationEnum.delete,Fix1003Rule,ChangeTypeEnum.fix
24,23c54600-c55d-4aa5-8dac-2fe6cc75cce5,chi2.dp.cpp,8e5bc86d-99c7-4075-a085-114821ee6b61,DiffOperationEnum.delete,Fix1003Rule,ChangeTypeEnum.fix
25,23c54600-c55d-4aa5-8dac-2fe6cc75cce5,chi2.dp.cpp,f76f7ae4-4994-406a-a872-34653e322025,DiffOperationEnum.delete,Fix1003Rule,ChangeTypeEnum.fix
26,23c54600-c55d-4aa5-8dac-2fe6cc75cce5,chi2.dp.cpp,08f3b6ab-4acb-4d97-aff3-6073ebd30639,DiffOperationEnum.delete,Fix1003Rule,ChangeTypeEnum.fix
27,23c54600-c55d-4aa5-8dac-2fe6cc75cce5,chi2.dp.cpp,9e4de240-adaf-495c-9892-79ee5296ef6f,DiffOperationEnum.delete,Fix1003Rule,ChangeTypeEnum.fix
28,23c54600-c55d-4aa5-8dac-2fe6cc75cce5,chi2.dp.cpp,7c402077-7fe4-4d7d-8a3f-3e521740d044,DiffOperationEnum.add,Fix1003Rule,ChangeTypeEnum.fix
29,e5bfc261-df04-4d71-a532-b922c3ebbbd0,chi2.dp.cpp,24511ff1-eb6b-4c6c-97f1-632a785dadd4,DiffOperationEnum.delete,Fix1003Rule,ChangeTypeEnum.fix
30,e5bfc261-df04-4d71-a532-b922c3ebbbd0,chi2.dp.cpp,8c1358ad-25d2-4ccb-b514-f4bbcb5d237d,DiffOperationEnum.delete,Fix1003Rule,ChangeTypeEnum.fix
31,e5bfc261-df04-4d71-a532-b922c3ebbbd0,chi2.dp.cpp,98c586c1-4939-4bf0-b563-a688d92e0efc,DiffOperationEnum.delete,Fix1003Rule,ChangeTypeEnum.fix
32,e5bfc261-df04-4d71-a532-b922c3ebbbd0,chi2.dp.cpp,5cab2b9d-5ab5-435b-9704-bb4988869b78,DiffOperationEnum.delete,Fix1003Rule,ChangeTypeEnum.fix
33,e5bfc261-df04-4d71-a532-b922c3ebbbd0,chi2.dp.cpp,01a69cf2-a451-4841-b384-08a6caa24c80,DiffOperationEnum.delete,Fix1003Rule,ChangeTypeEnum.fix
34,e5bfc261-df04-4d71-a532-b922c3ebbbd0,chi2.dp.cpp,ad1ebc0e-cc09-45d0-b157-884e499ddb07,DiffOperationEnum.delete,Fix1003Rule,ChangeTypeEnum.fix
35,e5bfc261-df04-4d71-a532-b922c3ebbbd0,chi2.dp.cpp,08751a7c-e534-4641-bc29-7c154ab3120a,DiffOperationEnum.delete,Fix1003Rule,ChangeTypeEnum.fix
36,e5bfc261-df04-4d71-a532-b922c3ebbbd0,chi2.dp.cpp,6e9fc0d6-2bca-4162-874f-544fc773410e,DiffOperationEnum.delete,Fix1003Rule,ChangeTypeEnum.fix
37,e5bfc261-df04-4d71-a532-b922c3ebbbd0,chi2.dp.cpp,e8cdc1a9-5170-4ef8-bf36-10d93d99079f,DiffOperationEnum.delete,Fix1003Rule,ChangeTypeEnum.fix
38,e5bfc261-df04-4d71-a532-b922c3ebbbd0,chi2.dp.cpp,3a287998-0352-4d4a-b1df-3b50446221d7,DiffOperationEnum.add,Fix1003Rule,ChangeTypeEnum.fix
39,c1fafb5a-e3a7-4de3-ae82-e89412e5c0e7,chi2.dp.cpp,f1bf4f39-977a-471c-bfde-8d5a824ed620,DiffOperationEnum.delete,Fix1003Rule,ChangeTypeEnum.fix
40,c1fafb5a-e3a7-4de3-ae82-e89412e5c0e7,chi2.dp.cpp,81493e71-2eac-4b80-abb2-ea17bbb39a80,DiffOperationEnum.delete,Fix1003Rule,ChangeTypeEnum.fix
41,c1fafb5a-e3a7-4de3-ae82-e89412e5c0e7,chi2.dp.cpp,3cc6670e-131d-4fe6-aa32-008568160ec4,DiffOperationEnum.delete,Fix1003Rule,ChangeTypeEnum.fix
42,c1fafb5a-e3a7-4de3-ae82-e89412e5c0e7,chi2.dp.cpp,cb89db49-cc0b-4754-82cb-cc7560661753,DiffOperationEnum.delete,Fix1003Rule,ChangeTypeEnum.fix
43,c1fafb5a-e3a7-4de3-ae82-e89412e5c0e7,chi2.dp.cpp,6927b7a4-ee06-4afc-a00a-1f458c0ae34e,DiffOperationEnum.delete,Fix1003Rule,ChangeTypeEnum.fix
44,c1fafb5a-e3a7-4de3-ae82-e89412e5c0e7,chi2.dp.cpp,899fc5fc-b8fb-4144-ac1f-c166144c09a8,DiffOperationEnum.delete,Fix1003Rule,ChangeTypeEnum.fix
45,c1fafb5a-e3a7-4de3-ae82-e89412e5c0e7,chi2.dp.cpp,d23a986c-e659-42da-be85-e0bcafe13d28,DiffOperationEnum.delete,Fix1003Rule,ChangeTypeEnum.fix
46,c1fafb5a-e3a7-4de3-ae82-e89412e5c0e7,chi2.dp.cpp,fc3cb10d-3155-4de9-b0bc-639034302d4a,DiffOperationEnum.delete,Fix1003Rule,ChangeTypeEnum.fix
47,c1fafb5a-e3a7-4de3-ae82-e89412e5c0e7,chi2.dp.cpp,7f80ad03-d892-4a93-bfd2-2cc9c7bdacff,DiffOperationEnum.add,Fix1003Rule,ChangeTypeEnum.fix
48,2bdef7c5-1df3-4659-9e6a-b089c0423cfb,cluster.dp.cpp,92faa3a6-3a45-4bf3-9dae-7327ab5af941,DiffOperationEnum.delete,Fix1003Rule,ChangeTypeEnum.fix
49,2bdef7c5-1df3-4659-9e6a-b089c0423cfb,cluster.dp.cpp,be02e338-3f08-404c-a5a2-7edef41a53d7,DiffOperationEnum.delete,Fix1003Rule,ChangeTypeEnum.fix
50,2bdef7c5-1df3-4659-9e6a-b089c0423cfb,cluster.dp.cpp,b4b4b156-3f02-4682-adbf-e552a8c2b30e,DiffOperationEnum.delete,Fix1003Rule,ChangeTypeEnum.fix
51,2bdef7c5-1df3-4659-9e6a-b089c0423cfb,cluster.dp.cpp,4c38a91a-c364-4ca1-a8e4-a5995dcc20b8,DiffOperationEnum.delete,Fix1003Rule,ChangeTypeEnum.fix
52,2bdef7c5-1df3-4659-9e6a-b089c0423cfb,cluster.dp.cpp,6c7df623-f866-41d3-bc43-429654dc053f,DiffOperationEnum.delete,Fix1003Rule,ChangeTypeEnum.fix
53,2bdef7c5-1df3-4659-9e6a-b089c0423cfb,cluster.dp.cpp,95979d29-8a1c-49f7-b07b-cc2d3203df27,DiffOperationEnum.add,Fix1003Rule,ChangeTypeEnum.fix
54,5a2b7ece-8115-45e3-862a-b63d098f30ec,cluster.dp.cpp,d2bb22c5-aba0-4a15-a698-023d8bb10c67,DiffOperationEnum.delete,Fix1003Rule,ChangeTypeEnum.fix
55,5a2b7ece-8115-45e3-862a-b63d098f30ec,cluster.dp.cpp,a61e43cd-db05-4d0b-9ef9-4825ce065964,DiffOperationEnum.delete,Fix1003Rule,ChangeTypeEnum.fix
56,5a2b7ece-8115-45e3-862a-b63d098f30ec,cluster.dp.cpp,afba9844-6c99-4f8d-a5b0-21b3f955d2f1,DiffOperationEnum.delete,Fix1003Rule,ChangeTypeEnum.fix
57,5a2b7ece-8115-45e3-862a-b63d098f30ec,cluster.dp.cpp,20e3d160-9d4c-4e64-b164-15f78a1aecc4,DiffOperationEnum.delete,Fix1003Rule,ChangeTypeEnum.fix
58,5a2b7ece-8115-45e3-862a-b63d098f30ec,cluster.dp.cpp,bf7f496e-ded1-4446-a1c5-abcf4bd29235,DiffOperationEnum.delete,Fix1003Rule,ChangeTypeEnum.fix
59,5a2b7ece-8115-45e3-862a-b63d098f30ec,cluster.dp.cpp,e50ad9aa-4173-465d-b1a9-e4a5dd6873f7,DiffOperationEnum.add,Fix1003Rule,ChangeTypeEnum.fix
60,2d49f7b4-93f6-4904-8cdc-459841577500,cluster.dp.cpp,cbe9a5a1-f6cb-4422-9885-0628e966c01a,DiffOperationEnum.delete,Fix1003Rule,ChangeTypeEnum.fix
61,2d49f7b4-93f6-4904-8cdc-459841577500,cluster.dp.cpp,4a6ae537-35e9-4996-bd13-6135509ed51a,DiffOperationEnum.delete,Fix1003Rule,ChangeTypeEnum.fix
62,2d49f7b4-93f6-4904-8cdc-459841577500,cluster.dp.cpp,32cba66e-25e7-4489-b433-c984b6ffa7aa,DiffOperationEnum.delete,Fix1003Rule,ChangeTypeEnum.fix
63,2d49f7b4-93f6-4904-8cdc-459841577500,cluster.dp.cpp,7e1ed863-aaad-4a11-8257-35997b233422,DiffOperationEnum.delete,Fix1003Rule,ChangeTypeEnum.fix
64,2d49f7b4-93f6-4904-8cdc-459841577500,cluster.dp.cpp,6ab6e74d-e0d3-4cfe-ae8c-0c2a7c54eca6,DiffOperationEnum.delete,Fix1003Rule,ChangeTypeEnum.fix
65,2d49f7b4-93f6-4904-8cdc-459841577500,cluster.dp.cpp,f583c628-81fe-4b1b-854b-8feba93640cb,DiffOperationEnum.add,Fix1003Rule,ChangeTypeEnum.fix
66,d67982fb-590c-4028-a77e-d2eb2a35b798,cluster.dp.cpp,464a86a8-65d1-496a-8f0c-0af74d1d889a,DiffOperationEnum.delete,Fix1003Rule,ChangeTypeEnum.fix
67,d67982fb-590c-4028-a77e-d2eb2a35b798,cluster.dp.cpp,0b0474b5-bcc0-4e6b-a735-89946c13c542,DiffOperationEnum.delete,Fix1003Rule,ChangeTypeEnum.fix
68,d67982fb-590c-4028-a77e-d2eb2a35b798,cluster.dp.cpp,a2069ee5-3c13-4547-8b67-1c196560c161,DiffOperationEnum.delete,Fix1003Rule,ChangeTypeEnum.fix
69,d67982fb-590c-4028-a77e-d2eb2a35b798,cluster.dp.cpp,2ea0a61a-84a1-47bb-a56a-63e3d4a95384,DiffOperationEnum.delete,Fix1003Rule,ChangeTypeEnum.fix
70,d67982fb-590c-4028-a77e-d2eb2a35b798,cluster.dp.cpp,61bb4435-a045-4181-8fde-06456bb80689,DiffOperationEnum.delete,Fix1003Rule,ChangeTypeEnum.fix
71,d67982fb-590c-4028-a77e-d2eb2a35b798,cluster.dp.cpp,86965798-a178-4640-b6ed-b72c4ed0b3ae,DiffOperationEnum.add,Fix1003Rule,ChangeTypeEnum.fix
72,74af4e9a-5998-4850-bde7-2fb4ab2e09e6,cluster.dp.cpp,a19e1984-c549-4275-a317-c300567533b2,DiffOperationEnum.delete,Fix1003Rule,ChangeTypeEnum.fix
73,74af4e9a-5998-4850-bde7-2fb4ab2e09e6,cluster.dp.cpp,34b3cd21-cdcd-4034-a339-ce1cfbe8ef6a,DiffOperationEnum.delete,Fix1003Rule,ChangeTypeEnum.fix
74,74af4e9a-5998-4850-bde7-2fb4ab2e09e6,cluster.dp.cpp,525b1dc3-0a37-42a4-8104-3cbff7ca4cde,DiffOperationEnum.delete,Fix1003Rule,ChangeTypeEnum.fix
75,74af4e9a-5998-4850-bde7-2fb4ab2e09e6,cluster.dp.cpp,89f8096e-0279-4fe6-9c28-207518b8fc00,DiffOperationEnum.delete,Fix1003Rule,ChangeTypeEnum.fix
76,74af4e9a-5998-4850-bde7-2fb4ab2e09e6,cluster.dp.cpp,04941301-21e8-4eeb-a378-e1adf9c0215e,DiffOperationEnum.delete,Fix1003Rule,ChangeTypeEnum.fix
77,74af4e9a-5998-4850-bde7-2fb4ab2e09e6,cluster.dp.cpp,fd37e749-0ba4-4b40-a7a4-67490cc6d274,DiffOperationEnum.add,Fix1003Rule,ChangeTypeEnum.fix
78,1f943acd-962c-4df4-a8e2-7a3b0f19a4b8,cluster.dp.cpp,2866db5c-e1c3-4b57-bb9f-d65f9f103f3a,DiffOperationEnum.delete,Fix1003Rule,ChangeTypeEnum.fix
79,1f943acd-962c-4df4-a8e2-7a3b0f19a4b8,cluster.dp.cpp,45aef813-06c9-495c-9704-e3cf98cd83f7,DiffOperationEnum.delete,Fix1003Rule,ChangeTypeEnum.fix
80,1f943acd-962c-4df4-a8e2-7a3b0f19a4b8,cluster.dp.cpp,d19f225c-80bc-4c9a-a933-456670f05584,DiffOperationEnum.delete,Fix1003Rule,ChangeTypeEnum.fix
81,1f943acd-962c-4df4-a8e2-7a3b0f19a4b8,cluster.dp.cpp,4ad4abcd-133a-41f1-ab49-00961f99c4b5,DiffOperationEnum.delete,Fix1003Rule,ChangeTypeEnum.fix
82,1f943acd-962c-4df4-a8e2-7a3b0f19a4b8,cluster.dp.cpp,7316b553-a1e4-4c37-aa41-b48c72b66bc0,DiffOperationEnum.delete,Fix1003Rule,ChangeTypeEnum.fix
83,1f943acd-962c-4df4-a8e2-7a3b0f19a4b8,cluster.dp.cpp,4e119d67-75ef-4f2c-b6d0-afdad46b1994,DiffOperationEnum.add,Fix1003Rule,ChangeTypeEnum.fix
84,7df9aebf-1e82-487e-95e7-42251fd926a4,cluster.dp.cpp,d79a2bae-b7c0-4adc-9a22-af95c697b0a7,DiffOperationEnum.delete,Fix1003Rule,ChangeTypeEnum.fix
85,7df9aebf-1e82-487e-95e7-42251fd926a4,cluster.dp.cpp,aa9b5e79-7d2b-493b-bed9-00a11381fb7f,DiffOperationEnum.delete,Fix1003Rule,ChangeTypeEnum.fix
86,7df9aebf-1e82-487e-95e7-42251fd926a4,cluster.dp.cpp,887dff9a-9bc6-403b-9b50-9fecdec56750,DiffOperationEnum.delete,Fix1003Rule,ChangeTypeEnum.fix
87,7df9aebf-1e82-487e-95e7-42251fd926a4,cluster.dp.cpp,6a9181c0-a6b1-431b-b1b1-6d3d2c5d2398,DiffOperationEnum.delete,Fix1003Rule,ChangeTypeEnum.fix
88,7df9aebf-1e82-487e-95e7-42251fd926a4,cluster.dp.cpp,c579303a-9d20-4584-83c3-f910c228723c,DiffOperationEnum.delete,Fix1003Rule,ChangeTypeEnum.fix
89,7df9aebf-1e82-487e-95e7-42251fd926a4,cluster.dp.cpp,288098a9-08f6-4fce-9eb6-90fdd2091af0,DiffOperationEnum.add,Fix1003Rule,ChangeTypeEnum.fix
90,e9c4d33d-6652-4c3c-9cba-6ea1f9aa90f6,cluster.dp.cpp,5db50916-cc35-4cab-99d7-923a075ac075,DiffOperationEnum.delete,Fix1003Rule,ChangeTypeEnum.fix
91,e9c4d33d-6652-4c3c-9cba-6ea1f9aa90f6,cluster.dp.cpp,bf56e24e-994e-4fdc-98b7-61d54ec24137,DiffOperationEnum.delete,Fix1003Rule,ChangeTypeEnum.fix
92,e9c4d33d-6652-4c3c-9cba-6ea1f9aa90f6,cluster.dp.cpp,561088b1-415b-490c-80d4-73b9966fb4f4,DiffOperationEnum.delete,Fix1003Rule,ChangeTypeEnum.fix
93,e9c4d33d-6652-4c3c-9cba-6ea1f9aa90f6,cluster.dp.cpp,3781e005-2bb9-4659-abe6-7fda6790d0b2,DiffOperationEnum.delete,Fix1003Rule,ChangeTypeEnum.fix
94,e9c4d33d-6652-4c3c-9cba-6ea1f9aa90f6,cluster.dp.cpp,83d75aa2-dfcc-4366-96bc-f864365e52df,DiffOperationEnum.delete,Fix1003Rule,ChangeTypeEnum.fix
95,e9c4d33d-6652-4c3c-9cba-6ea1f9aa90f6,cluster.dp.cpp,7a72a74c-5e70-43f9-ab84-60e855f41c09,DiffOperationEnum.add,Fix1003Rule,ChangeTypeEnum.fix
96,bf5c59c6-fd3d-40a1-b01f-c6fa0340afea,cluster.dp.cpp,ded825e1-0b92-48bd-ab8a-cc91eb56dfdd,DiffOperationEnum.delete,Fix1003Rule,ChangeTypeEnum.fix
97,bf5c59c6-fd3d-40a1-b01f-c6fa0340afea,cluster.dp.cpp,6d682e21-e012-4ef6-80bd-b21ccd7e9e5b,DiffOperationEnum.delete,Fix1003Rule,ChangeTypeEnum.fix
98,bf5c59c6-fd3d-40a1-b01f-c6fa0340afea,cluster.dp.cpp,5d6307c7-4a64-4a5f-9800-7d2c907b119d,DiffOperationEnum.delete,Fix1003Rule,ChangeTypeEnum.fix
99,bf5c59c6-fd3d-40a1-b01f-c6fa0340afea,cluster.dp.cpp,b4b5f73f-bb6a-43ff-804c-f0fa55e9f4ab,DiffOperationEnum.delete,Fix1003Rule,ChangeTypeEnum.fix
100,bf5c59c6-fd3d-40a1-b01f-c6fa0340afea,cluster.dp.cpp,1a425ae8-fc04-44cb-8401-2ad39868dc96,DiffOperationEnum.delete,Fix1003Rule,ChangeTypeEnum.fix
101,bf5c59c6-fd3d-40a1-b01f-c6fa0340afea,cluster.dp.cpp,abfb8ea5-a664-4cd5-9f37-26de5402cd1f,DiffOperationEnum.add,Fix1003Rule,ChangeTypeEnum.fix
102,e9351eea-0762-4a36-81cb-c61ed52c6d54,cluster.dp.cpp,05a03bac-b9fd-4d01-bc98-a13187a256f2,DiffOperationEnum.delete,Fix1003Rule,ChangeTypeEnum.fix
103,e9351eea-0762-4a36-81cb-c61ed52c6d54,cluster.dp.cpp,932b5062-bc1c-4f7d-9ffd-5f3d807e0472,DiffOperationEnum.delete,Fix1003Rule,ChangeTypeEnum.fix
104,e9351eea-0762-4a36-81cb-c61ed52c6d54,cluster.dp.cpp,83501fad-a678-4be9-b5f8-d03474b38251,DiffOperationEnum.delete,Fix1003Rule,ChangeTypeEnum.fix
105,e9351eea-0762-4a36-81cb-c61ed52c6d54,cluster.dp.cpp,c9409804-0085-4bd7-950d-b230f6697267,DiffOperationEnum.delete,Fix1003Rule,ChangeTypeEnum.fix
106,e9351eea-0762-4a36-81cb-c61ed52c6d54,cluster.dp.cpp,bc9b56c3-4890-428c-9182-c8094cc475ac,DiffOperationEnum.delete,Fix1003Rule,ChangeTypeEnum.fix
107,e9351eea-0762-4a36-81cb-c61ed52c6d54,cluster.dp.cpp,c3401eeb-e214-4899-919c-5ab09b39f9dc,DiffOperationEnum.add,Fix1003Rule,ChangeTypeEnum.fix
108,4cf0d306-29f2-42a7-ab28-5833ae9bcc6e,cluster.dp.cpp,5c463469-2b4d-4684-88a2-b332f0717e41,DiffOperationEnum.delete,Fix1003Rule,ChangeTypeEnum.fix
109,4cf0d306-29f2-42a7-ab28-5833ae9bcc6e,cluster.dp.cpp,d2d55f7e-921c-4776-ae58-15da3d241d79,DiffOperationEnum.delete,Fix1003Rule,ChangeTypeEnum.fix
110,4cf0d306-29f2-42a7-ab28-5833ae9bcc6e,cluster.dp.cpp,a4239192-f173-4bc3-aa45-740db4f56a5e,DiffOperationEnum.delete,Fix1003Rule,ChangeTypeEnum.fix
111,4cf0d306-29f2-42a7-ab28-5833ae9bcc6e,cluster.dp.cpp,b44f9c0b-4bc9-4fee-86f9-9958670c214d,DiffOperationEnum.delete,Fix1003Rule,ChangeTypeEnum.fix
112,4cf0d306-29f2-42a7-ab28-5833ae9bcc6e,cluster.dp.cpp,b0b62fe8-45e8-44eb-b03f-8c3adf644aef,DiffOperationEnum.delete,Fix1003Rule,ChangeTypeEnum.fix
113,4cf0d306-29f2-42a7-ab28-5833ae9bcc6e,cluster.dp.cpp,1bde9ca9-1cab-4e81-aec4-389650b3e468,DiffOperationEnum.delete,Fix1003Rule,ChangeTypeEnum.fix
114,4cf0d306-29f2-42a7-ab28-5833ae9bcc6e,cluster.dp.cpp,107fe9fc-2499-42a9-8bea-77fb8f51bb74,DiffOperationEnum.add,Fix1003Rule,ChangeTypeEnum.fix
115,b3013e90-d88e-4c93-97eb-cfc3fdb68441,cluster.dp.cpp,a7c79d63-fd3b-461b-ac48-b065dbf041a0,DiffOperationEnum.delete,Fix1003Rule,ChangeTypeEnum.fix
116,b3013e90-d88e-4c93-97eb-cfc3fdb68441,cluster.dp.cpp,d482c60b-6303-4a23-b271-ab9e7671e0b9,DiffOperationEnum.delete,Fix1003Rule,ChangeTypeEnum.fix
117,b3013e90-d88e-4c93-97eb-cfc3fdb68441,cluster.dp.cpp,bddb39d9-0a92-42ef-94e3-6e7508d7abff,DiffOperationEnum.delete,Fix1003Rule,ChangeTypeEnum.fix
118,b3013e90-d88e-4c93-97eb-cfc3fdb68441,cluster.dp.cpp,4a0c1cff-6850-4969-bdc8-6fa1f2fa0ef2,DiffOperationEnum.delete,Fix1003Rule,ChangeTypeEnum.fix
119,b3013e90-d88e-4c93-97eb-cfc3fdb68441,cluster.dp.cpp,d2168176-3047-4aed-8a14-50d7d20dab3e,DiffOperationEnum.delete,Fix1003Rule,ChangeTypeEnum.fix
120,b3013e90-d88e-4c93-97eb-cfc3fdb68441,cluster.dp.cpp,a6c555c5-ed61-41f5-a8d5-c860e3575d48,DiffOperationEnum.delete,Fix1003Rule,ChangeTypeEnum.fix
121,b3013e90-d88e-4c93-97eb-cfc3fdb68441,cluster.dp.cpp,887bc5bc-42c7-4afb-9c05-3e003e28f501,DiffOperationEnum.add,Fix1003Rule,ChangeTypeEnum.fix
122,fad2dc17-b81d-4d1e-b628-3a9dc9d6ee5b,cluster.dp.cpp,29bda148-2b96-49e3-91a7-da162b47cf7a,DiffOperationEnum.delete,Fix1003Rule,ChangeTypeEnum.fix
123,fad2dc17-b81d-4d1e-b628-3a9dc9d6ee5b,cluster.dp.cpp,36a461e1-2d07-486f-8a0b-4094f6805e1a,DiffOperationEnum.delete,Fix1003Rule,ChangeTypeEnum.fix
124,fad2dc17-b81d-4d1e-b628-3a9dc9d6ee5b,cluster.dp.cpp,b5b2122a-55fa-4f6d-98df-2d7a690262ae,DiffOperationEnum.delete,Fix1003Rule,ChangeTypeEnum.fix
125,fad2dc17-b81d-4d1e-b628-3a9dc9d6ee5b,cluster.dp.cpp,7a0358c2-7e82-4256-8e8e-a714d5315cb9,DiffOperationEnum.delete,Fix1003Rule,ChangeTypeEnum.fix
126,fad2dc17-b81d-4d1e-b628-3a9dc9d6ee5b,cluster.dp.cpp,fd9d5541-709f-43fb-967e-8528563d2018,DiffOperationEnum.delete,Fix1003Rule,ChangeTypeEnum.fix
127,fad2dc17-b81d-4d1e-b628-3a9dc9d6ee5b,cluster.dp.cpp,20de25c4-540d-4253-b315-12d99c889530,DiffOperationEnum.delete,Fix1003Rule,ChangeTypeEnum.fix
128,fad2dc17-b81d-4d1e-b628-3a9dc9d6ee5b,cluster.dp.cpp,a3c2f991-aad0-499d-862e-d806271c4664,DiffOperationEnum.delete,Fix1003Rule,ChangeTypeEnum.fix
129,fad2dc17-b81d-4d1e-b628-3a9dc9d6ee5b,cluster.dp.cpp,480b1312-2ec9-485d-bb90-7e65c01c1ee0,DiffOperationEnum.add,Fix1003Rule,ChangeTypeEnum.fix
130,6bc376b8-b18b-4a83-80b2-bd2a52284616,cluster.dp.cpp,e5985f77-3159-4f5b-ac7c-59602d9e33ae,DiffOperationEnum.delete,Fix1003Rule,ChangeTypeEnum.fix
131,6bc376b8-b18b-4a83-80b2-bd2a52284616,cluster.dp.cpp,919806bc-770a-43e6-adee-d8b81f468206,DiffOperationEnum.delete,Fix1003Rule,ChangeTypeEnum.fix
132,6bc376b8-b18b-4a83-80b2-bd2a52284616,cluster.dp.cpp,6ee84c59-1168-447a-8b1d-2dc6894d907b,DiffOperationEnum.delete,Fix1003Rule,ChangeTypeEnum.fix
133,6bc376b8-b18b-4a83-80b2-bd2a52284616,cluster.dp.cpp,ca9245be-62f4-45e7-bc01-aee06716dd9b,DiffOperationEnum.delete,Fix1003Rule,ChangeTypeEnum.fix
134,6bc376b8-b18b-4a83-80b2-bd2a52284616,cluster.dp.cpp,40dd79e6-a0f6-49e3-8f59-acc7b26cb586,DiffOperationEnum.delete,Fix1003Rule,ChangeTypeEnum.fix
135,6bc376b8-b18b-4a83-80b2-bd2a52284616,cluster.dp.cpp,4435ed55-e797-4dc3-889d-2bdc6c1f92e6,DiffOperationEnum.delete,Fix1003Rule,ChangeTypeEnum.fix
136,6bc376b8-b18b-4a83-80b2-bd2a52284616,cluster.dp.cpp,b245e828-4aa1-4d9d-953a-116e0bbb1fc3,DiffOperationEnum.delete,Fix1003Rule,ChangeTypeEnum.fix
137,6bc376b8-b18b-4a83-80b2-bd2a52284616,cluster.dp.cpp,fbd8a760-d104-4590-90f7-df0fd90f6179,DiffOperationEnum.delete,Fix1003Rule,ChangeTypeEnum.fix
138,6bc376b8-b18b-4a83-80b2-bd2a52284616,cluster.dp.cpp,31157a0d-ac21-4809-91ef-fe594ed332e7,DiffOperationEnum.delete,Fix1003Rule,ChangeTypeEnum.fix
139,6bc376b8-b18b-4a83-80b2-bd2a52284616,cluster.dp.cpp,b3b29d74-3315-476a-bb8f-ca01525d06f7,DiffOperationEnum.add,Fix1003Rule,ChangeTypeEnum.fix
140,012bf852-19d3-4bf0-830c-73f69a7bb88c,cluster.dp.cpp,45fb4ee1-efa4-4df2-834a-2b3ece4cd199,DiffOperationEnum.delete,Fix1003Rule,ChangeTypeEnum.fix
141,012bf852-19d3-4bf0-830c-73f69a7bb88c,cluster.dp.cpp,bb7183c9-9af3-4768-8eb0-2e65e37c010f,DiffOperationEnum.delete,Fix1003Rule,ChangeTypeEnum.fix
142,012bf852-19d3-4bf0-830c-73f69a7bb88c,cluster.dp.cpp,d6714280-87ad-4a63-a15c-bb36bd2ee71a,DiffOperationEnum.delete,Fix1003Rule,ChangeTypeEnum.fix
143,012bf852-19d3-4bf0-830c-73f69a7bb88c,cluster.dp.cpp,82ab268e-68e5-4473-b11b-7ab8b26db06e,DiffOperationEnum.delete,Fix1003Rule,ChangeTypeEnum.fix
144,012bf852-19d3-4bf0-830c-73f69a7bb88c,cluster.dp.cpp,3962a5b5-dcde-479d-8d31-f68637c26eb5,DiffOperationEnum.delete,Fix1003Rule,ChangeTypeEnum.fix
145,012bf852-19d3-4bf0-830c-73f69a7bb88c,cluster.dp.cpp,28d178eb-a0a6-40df-a922-c612d3d8fda8,DiffOperationEnum.delete,Fix1003Rule,ChangeTypeEnum.fix
146,012bf852-19d3-4bf0-830c-73f69a7bb88c,cluster.dp.cpp,566a4aca-6582-4f95-ae29-2e7d818da738,DiffOperationEnum.delete,Fix1003Rule,ChangeTypeEnum.fix
147,012bf852-19d3-4bf0-830c-73f69a7bb88c,cluster.dp.cpp,0fec1039-dcea-4f95-a63e-5e751937af2d,DiffOperationEnum.delete,Fix1003Rule,ChangeTypeEnum.fix
148,012bf852-19d3-4bf0-830c-73f69a7bb88c,cluster.dp.cpp,d06a0d59-bb6a-4923-8b99-2642b33648af,DiffOperationEnum.delete,Fix1003Rule,ChangeTypeEnum.fix
149,012bf852-19d3-4bf0-830c-73f69a7bb88c,cluster.dp.cpp,dbd9a1d9-8246-46c9-a01f-995cacc354fd,DiffOperationEnum.add,Fix1003Rule,ChangeTypeEnum.fix
150,c777f42e-5126-4603-bdf9-3ed39ea22bcf,cluster.dp.cpp,6af7de0f-f0d3-4384-983b-92f62bbac886,DiffOperationEnum.delete,Fix1003Rule,ChangeTypeEnum.fix
151,c777f42e-5126-4603-bdf9-3ed39ea22bcf,cluster.dp.cpp,72512d2b-da56-4517-9bf7-a1b34bc167b0,DiffOperationEnum.delete,Fix1003Rule,ChangeTypeEnum.fix
152,c777f42e-5126-4603-bdf9-3ed39ea22bcf,cluster.dp.cpp,91758ed0-7f67-4389-99a9-3c80e7620ac1,DiffOperationEnum.delete,Fix1003Rule,ChangeTypeEnum.fix
153,c777f42e-5126-4603-bdf9-3ed39ea22bcf,cluster.dp.cpp,8c9b43de-20ff-4f14-abf7-cae60f4da18b,DiffOperationEnum.delete,Fix1003Rule,ChangeTypeEnum.fix
154,c777f42e-5126-4603-bdf9-3ed39ea22bcf,cluster.dp.cpp,da1ca48a-b29e-49a5-b81e-7b6a2c87a56f,DiffOperationEnum.delete,Fix1003Rule,ChangeTypeEnum.fix
155,c777f42e-5126-4603-bdf9-3ed39ea22bcf,cluster.dp.cpp,061b3d55-aa16-4262-92b4-a8ed9031ac3d,DiffOperationEnum.delete,Fix1003Rule,ChangeTypeEnum.fix
156,c777f42e-5126-4603-bdf9-3ed39ea22bcf,cluster.dp.cpp,1f6e8bc9-77be-49aa-ab69-4fdb5cc46f99,DiffOperationEnum.delete,Fix1003Rule,ChangeTypeEnum.fix
157,c777f42e-5126-4603-bdf9-3ed39ea22bcf,cluster.dp.cpp,a2ae62d0-28c3-4649-8875-ad9fa9111f63,DiffOperationEnum.delete,Fix1003Rule,ChangeTypeEnum.fix
158,c777f42e-5126-4603-bdf9-3ed39ea22bcf,cluster.dp.cpp,b1365f2d-1cd8-4d86-98ca-a0f25bdfd8d5,DiffOperationEnum.delete,Fix1003Rule,ChangeTypeEnum.fix
159,c777f42e-5126-4603-bdf9-3ed39ea22bcf,cluster.dp.cpp,523c5c2d-b3c8-4f0f-a487-eac0aff8cd68,DiffOperationEnum.delete,Fix1003Rule,ChangeTypeEnum.fix
160,c777f42e-5126-4603-bdf9-3ed39ea22bcf,cluster.dp.cpp,102c5de2-3710-4d90-834e-99818081e7a3,DiffOperationEnum.add,Fix1003Rule,ChangeTypeEnum.fix
161,db30562c-2232-4cb9-87da-a61b1bf990bc,cluster.dp.cpp,dff44dce-5948-4869-96da-6f85bcffc020,DiffOperationEnum.delete,Fix1003Rule,ChangeTypeEnum.fix
162,db30562c-2232-4cb9-87da-a61b1bf990bc,cluster.dp.cpp,729b8bff-7db7-4b5b-ace2-a89ab65cd537,DiffOperationEnum.delete,Fix1003Rule,ChangeTypeEnum.fix
163,db30562c-2232-4cb9-87da-a61b1bf990bc,cluster.dp.cpp,db775a0f-1a97-439d-9021-2b5c74155691,DiffOperationEnum.delete,Fix1003Rule,ChangeTypeEnum.fix
164,db30562c-2232-4cb9-87da-a61b1bf990bc,cluster.dp.cpp,172dec6b-265c-42f9-ace0-ae8b5ee77b22,DiffOperationEnum.delete,Fix1003Rule,ChangeTypeEnum.fix
165,db30562c-2232-4cb9-87da-a61b1bf990bc,cluster.dp.cpp,2cfb05a6-13f9-45b7-8301-94005ae11a98,DiffOperationEnum.delete,Fix1003Rule,ChangeTypeEnum.fix
166,db30562c-2232-4cb9-87da-a61b1bf990bc,cluster.dp.cpp,9fb7bf02-9d19-4f76-b9e4-399ec5005d3c,DiffOperationEnum.add,Fix1003Rule,ChangeTypeEnum.fix
167,62ca85b6-30b5-495d-8b59-b08a6f2d4160,cluster.dp.cpp,b00aefcb-8602-4722-9480-f5fb62a7dd80,DiffOperationEnum.delete,Fix1003Rule,ChangeTypeEnum.fix
168,62ca85b6-30b5-495d-8b59-b08a6f2d4160,cluster.dp.cpp,14bd07e2-bc7e-46dc-b452-8d047c9671a9,DiffOperationEnum.delete,Fix1003Rule,ChangeTypeEnum.fix
169,62ca85b6-30b5-495d-8b59-b08a6f2d4160,cluster.dp.cpp,7b1c133f-d883-4c4b-91c9-d135bed4775c,DiffOperationEnum.delete,Fix1003Rule,ChangeTypeEnum.fix
170,62ca85b6-30b5-495d-8b59-b08a6f2d4160,cluster.dp.cpp,7d090c91-e9f0-484a-bdad-0e02f6b8a765,DiffOperationEnum.delete,Fix1003Rule,ChangeTypeEnum.fix
171,62ca85b6-30b5-495d-8b59-b08a6f2d4160,cluster.dp.cpp,72c6e1b8-0b03-4e73-91ec-2b5eaf594042,DiffOperationEnum.delete,Fix1003Rule,ChangeTypeEnum.fix
172,62ca85b6-30b5-495d-8b59-b08a6f2d4160,cluster.dp.cpp,2d53ca4a-610b-4cb9-9ad3-0f7605fca2ae,DiffOperationEnum.add,Fix1003Rule,ChangeTypeEnum.fix
173,863d25c7-7291-4aec-9d8b-5688ccea2857,cluster.dp.cpp,edfee115-4d90-4f51-bff9-256fbe8731b7,DiffOperationEnum.delete,Fix1003Rule,ChangeTypeEnum.fix
174,863d25c7-7291-4aec-9d8b-5688ccea2857,cluster.dp.cpp,34ae3301-b300-4aeb-98bd-287e07f9e35a,DiffOperationEnum.delete,Fix1003Rule,ChangeTypeEnum.fix
175,863d25c7-7291-4aec-9d8b-5688ccea2857,cluster.dp.cpp,ff118c5f-c14a-4151-bf16-7cbf6f83d4fa,DiffOperationEnum.delete,Fix1003Rule,ChangeTypeEnum.fix
176,863d25c7-7291-4aec-9d8b-5688ccea2857,cluster.dp.cpp,4e4d920b-dacf-4435-a2db-2a54a15a4751,DiffOperationEnum.delete,Fix1003Rule,ChangeTypeEnum.fix
177,863d25c7-7291-4aec-9d8b-5688ccea2857,cluster.dp.cpp,920ee7bb-50ff-494c-996e-0b797a06934a,DiffOperationEnum.delete,Fix1003Rule,ChangeTypeEnum.fix
178,863d25c7-7291-4aec-9d8b-5688ccea2857,cluster.dp.cpp,d81d0cad-7b16-4bf3-b404-5e85cca8bc80,DiffOperationEnum.add,Fix1003Rule,ChangeTypeEnum.fix
179,c2f32ee5-a01c-46a8-baa5-a9291e5d970c,cluster.dp.cpp,54d43e45-1aa0-4efc-a963-7ef078d88f07,DiffOperationEnum.delete,Fix1003Rule,ChangeTypeEnum.fix
180,c2f32ee5-a01c-46a8-baa5-a9291e5d970c,cluster.dp.cpp,7dd9bf34-b21b-4b07-9102-19abbba83709,DiffOperationEnum.delete,Fix1003Rule,ChangeTypeEnum.fix
181,c2f32ee5-a01c-46a8-baa5-a9291e5d970c,cluster.dp.cpp,fb6a3405-f11e-466f-b768-0e38a324d3cd,DiffOperationEnum.delete,Fix1003Rule,ChangeTypeEnum.fix
182,c2f32ee5-a01c-46a8-baa5-a9291e5d970c,cluster.dp.cpp,cd361494-dd35-474e-a72a-f7a9c0bcbee3,DiffOperationEnum.delete,Fix1003Rule,ChangeTypeEnum.fix
183,c2f32ee5-a01c-46a8-baa5-a9291e5d970c,cluster.dp.cpp,091d7f2c-87b6-43f3-8207-3d3be621f974,DiffOperationEnum.delete,Fix1003Rule,ChangeTypeEnum.fix
184,c2f32ee5-a01c-46a8-baa5-a9291e5d970c,cluster.dp.cpp,d523636e-6435-45bf-8efc-8d8adb5ea709,DiffOperationEnum.delete,Fix1003Rule,ChangeTypeEnum.fix
185,c2f32ee5-a01c-46a8-baa5-a9291e5d970c,cluster.dp.cpp,184f3cfd-f601-4d20-a8e6-ef694b5d47a1,DiffOperationEnum.add,Fix1003Rule,ChangeTypeEnum.fix
186,b0ac92d8-31cd-47a3-9695-35d1425fd45e,cluster.dp.cpp,b47d48f3-8936-4f6c-bd7a-c3451a7a6270,DiffOperationEnum.delete,Fix1003Rule,ChangeTypeEnum.fix
187,b0ac92d8-31cd-47a3-9695-35d1425fd45e,cluster.dp.cpp,8993bf7d-1b11-4e51-8525-9a76e5ea28fa,DiffOperationEnum.delete,Fix1003Rule,ChangeTypeEnum.fix
188,b0ac92d8-31cd-47a3-9695-35d1425fd45e,cluster.dp.cpp,8c2f6935-ae27-486c-a346-17af7abefaa3,DiffOperationEnum.delete,Fix1003Rule,ChangeTypeEnum.fix
189,b0ac92d8-31cd-47a3-9695-35d1425fd45e,cluster.dp.cpp,4567b702-18bb-4dbf-b64c-675aa0c39823,DiffOperationEnum.delete,Fix1003Rule,ChangeTypeEnum.fix
190,b0ac92d8-31cd-47a3-9695-35d1425fd45e,cluster.dp.cpp,034294aa-d379-45bb-873a-7a89ef155998,DiffOperationEnum.delete,Fix1003Rule,ChangeTypeEnum.fix
191,b0ac92d8-31cd-47a3-9695-35d1425fd45e,cluster.dp.cpp,1be22394-ccc1-4ad4-9c62-d75f4b8dac6e,DiffOperationEnum.delete,Fix1003Rule,ChangeTypeEnum.fix
192,b0ac92d8-31cd-47a3-9695-35d1425fd45e,cluster.dp.cpp,54b25a8c-fdb1-445c-8f22-815b0ff02329,DiffOperationEnum.add,Fix1003Rule,ChangeTypeEnum.fix
193,8e1e4022-42ba-481e-aa33-a455830e237c,cluster.dp.cpp,bc0cf380-f29e-4066-ad82-203e1f7e05a2,DiffOperationEnum.delete,Fix1003Rule,ChangeTypeEnum.fix
194,8e1e4022-42ba-481e-aa33-a455830e237c,cluster.dp.cpp,99e92763-4eeb-4d2c-9212-fe69a25aabde,DiffOperationEnum.delete,Fix1003Rule,ChangeTypeEnum.fix
195,8e1e4022-42ba-481e-aa33-a455830e237c,cluster.dp.cpp,fcfbe315-cfc5-4386-8434-d235a9f077bb,DiffOperationEnum.delete,Fix1003Rule,ChangeTypeEnum.fix
196,8e1e4022-42ba-481e-aa33-a455830e237c,cluster.dp.cpp,b96cb192-d4e0-4688-90be-5863dfc1579d,DiffOperationEnum.delete,Fix1003Rule,ChangeTypeEnum.fix
197,8e1e4022-42ba-481e-aa33-a455830e237c,cluster.dp.cpp,62e4edec-e93a-410c-951d-d69d5dc57837,DiffOperationEnum.delete,Fix1003Rule,ChangeTypeEnum.fix
198,8e1e4022-42ba-481e-aa33-a455830e237c,cluster.dp.cpp,fdba101b-0f98-4095-826f-b82e3d8a484b,DiffOperationEnum.delete,Fix1003Rule,ChangeTypeEnum.fix
199,8e1e4022-42ba-481e-aa33-a455830e237c,cluster.dp.cpp,ee45ee4b-b6bd-49f3-a079-9f66206f21a0,DiffOperationEnum.delete,Fix1003Rule,ChangeTypeEnum.fix
200,8e1e4022-42ba-481e-aa33-a455830e237c,cluster.dp.cpp,00672741-e478-4316-a4bf-71c61df0c469,DiffOperationEnum.delete,Fix1003Rule,ChangeTypeEnum.fix
201,8e1e4022-42ba-481e-aa33-a455830e237c,cluster.dp.cpp,0ebb650a-a1d8-4718-ac60-39e0cc925b9b,DiffOperationEnum.add,Fix1003Rule,ChangeTypeEnum.fix
202,339e2d78-cd07-4ca8-af43-310a13f193b4,cluster.dp.cpp,473557fe-5be2-4a51-9e40-0ae2bbcccc27,DiffOperationEnum.delete,Fix1003Rule,ChangeTypeEnum.fix
203,339e2d78-cd07-4ca8-af43-310a13f193b4,cluster.dp.cpp,94f154c4-8898-4a31-bd11-ecfa614b60f3,DiffOperationEnum.delete,Fix1003Rule,ChangeTypeEnum.fix
204,339e2d78-cd07-4ca8-af43-310a13f193b4,cluster.dp.cpp,ed9de070-96ad-4451-aefc-93200d0ad525,DiffOperationEnum.delete,Fix1003Rule,ChangeTypeEnum.fix
205,339e2d78-cd07-4ca8-af43-310a13f193b4,cluster.dp.cpp,5159c037-0e9c-4aa4-b3f7-2a3fbaf840b5,DiffOperationEnum.delete,Fix1003Rule,ChangeTypeEnum.fix
206,339e2d78-cd07-4ca8-af43-310a13f193b4,cluster.dp.cpp,adc650b6-56f9-4879-a308-d74f3a2bf6b9,DiffOperationEnum.delete,Fix1003Rule,ChangeTypeEnum.fix
207,339e2d78-cd07-4ca8-af43-310a13f193b4,cluster.dp.cpp,00f82223-50be-432b-9a6c-2f0bba3462b6,DiffOperationEnum.delete,Fix1003Rule,ChangeTypeEnum.fix
208,339e2d78-cd07-4ca8-af43-310a13f193b4,cluster.dp.cpp,2c6e4344-ea5e-405d-8e40-4eaebbdb1ebd,DiffOperationEnum.delete,Fix1003Rule,ChangeTypeEnum.fix
209,339e2d78-cd07-4ca8-af43-310a13f193b4,cluster.dp.cpp,83661ff5-bfc3-406c-b233-2fe2a6263353,DiffOperationEnum.delete,Fix1003Rule,ChangeTypeEnum.fix
210,339e2d78-cd07-4ca8-af43-310a13f193b4,cluster.dp.cpp,49ab342a-c83e-4750-8b34-44a750ab3504,DiffOperationEnum.add,Fix1003Rule,ChangeTypeEnum.fix
211,daef75a7-8644-405b-b8c1-b5b30b64dff8,cluster.dp.cpp,361e32e0-514a-4049-9d80-a8963166e3a8,DiffOperationEnum.delete,Fix1003Rule,ChangeTypeEnum.fix
212,daef75a7-8644-405b-b8c1-b5b30b64dff8,cluster.dp.cpp,90bff22b-881a-4158-b5fa-6d69e159705b,DiffOperationEnum.delete,Fix1003Rule,ChangeTypeEnum.fix
213,daef75a7-8644-405b-b8c1-b5b30b64dff8,cluster.dp.cpp,d0fe4dfb-2bcd-49d5-a60a-c6769bd27823,DiffOperationEnum.delete,Fix1003Rule,ChangeTypeEnum.fix
214,daef75a7-8644-405b-b8c1-b5b30b64dff8,cluster.dp.cpp,21650e7c-6ce1-4b80-bb59-c1eba8dd4c71,DiffOperationEnum.delete,Fix1003Rule,ChangeTypeEnum.fix
215,daef75a7-8644-405b-b8c1-b5b30b64dff8,cluster.dp.cpp,325928c7-a1b4-4109-9997-aee31a187a2f,DiffOperationEnum.delete,Fix1003Rule,ChangeTypeEnum.fix
216,daef75a7-8644-405b-b8c1-b5b30b64dff8,cluster.dp.cpp,3bb61043-88d1-44d1-b075-822e23d19673,DiffOperationEnum.delete,Fix1003Rule,ChangeTypeEnum.fix
217,daef75a7-8644-405b-b8c1-b5b30b64dff8,cluster.dp.cpp,23716b84-2c6c-44f8-aaa8-770c6a0d7e82,DiffOperationEnum.delete,Fix1003Rule,ChangeTypeEnum.fix
218,daef75a7-8644-405b-b8c1-b5b30b64dff8,cluster.dp.cpp,300be138-9e51-46db-9a55-8f555a45dc70,DiffOperationEnum.delete,Fix1003Rule,ChangeTypeEnum.fix
219,daef75a7-8644-405b-b8c1-b5b30b64dff8,cluster.dp.cpp,13c45845-44b5-46da-8ae1-09b069eb7546,DiffOperationEnum.delete,Fix1003Rule,ChangeTypeEnum.fix
220,daef75a7-8644-405b-b8c1-b5b30b64dff8,cluster.dp.cpp,db9e44e8-bfde-454b-bb7f-4a16fabf87e5,DiffOperationEnum.add,Fix1003Rule,ChangeTypeEnum.fix
221,42b53f1e-bc6d-47bc-8a2e-533325189015,cluster.dp.cpp,9a72ffa8-41b3-419f-9062-997c5a20c3df,DiffOperationEnum.delete,Fix1003Rule,ChangeTypeEnum.fix
222,42b53f1e-bc6d-47bc-8a2e-533325189015,cluster.dp.cpp,218d0450-851d-4b6b-979c-dc4f4a73aa82,DiffOperationEnum.delete,Fix1003Rule,ChangeTypeEnum.fix
223,42b53f1e-bc6d-47bc-8a2e-533325189015,cluster.dp.cpp,26353bb1-5b5b-4e8a-a5ce-6b5ab67a7b8a,DiffOperationEnum.delete,Fix1003Rule,ChangeTypeEnum.fix
224,42b53f1e-bc6d-47bc-8a2e-533325189015,cluster.dp.cpp,27bce480-98d3-4b3b-bea5-28c195d52fc3,DiffOperationEnum.delete,Fix1003Rule,ChangeTypeEnum.fix
225,42b53f1e-bc6d-47bc-8a2e-533325189015,cluster.dp.cpp,ccfa9b61-0dac-43c8-a2d7-71aa6fc36855,DiffOperationEnum.delete,Fix1003Rule,ChangeTypeEnum.fix
226,42b53f1e-bc6d-47bc-8a2e-533325189015,cluster.dp.cpp,ae95d701-16a2-4593-86ac-4d9f5004ff8f,DiffOperationEnum.delete,Fix1003Rule,ChangeTypeEnum.fix
227,42b53f1e-bc6d-47bc-8a2e-533325189015,cluster.dp.cpp,9e0dd7c1-dfd6-4763-8642-bead8a1eb513,DiffOperationEnum.delete,Fix1003Rule,ChangeTypeEnum.fix
228,42b53f1e-bc6d-47bc-8a2e-533325189015,cluster.dp.cpp,5db99b57-a7b1-4ad0-85c6-3b61a3eea89d,DiffOperationEnum.delete,Fix1003Rule,ChangeTypeEnum.fix
229,42b53f1e-bc6d-47bc-8a2e-533325189015,cluster.dp.cpp,7a765bf2-afc2-4f03-a563-642243dd4a1e,DiffOperationEnum.delete,Fix1003Rule,ChangeTypeEnum.fix
230,42b53f1e-bc6d-47bc-8a2e-533325189015,cluster.dp.cpp,21ea5e73-16c0-4a20-bff5-29e5d87d864e,DiffOperationEnum.delete,Fix1003Rule,ChangeTypeEnum.fix
231,42b53f1e-bc6d-47bc-8a2e-533325189015,cluster.dp.cpp,f7c44d70-2dd8-4511-b01f-9a62cc108eec,DiffOperationEnum.add,Fix1003Rule,ChangeTypeEnum.fix
232,8deafb89-837b-4479-adef-4f0e9c0dfb83,cluster.dp.cpp,39af8a28-5e89-44d4-acd8-a4ecacfed10d,DiffOperationEnum.delete,Fix1003Rule,ChangeTypeEnum.fix
233,8deafb89-837b-4479-adef-4f0e9c0dfb83,cluster.dp.cpp,30ca2e2f-28a5-488f-8dbc-e3399df99519,DiffOperationEnum.delete,Fix1003Rule,ChangeTypeEnum.fix
234,8deafb89-837b-4479-adef-4f0e9c0dfb83,cluster.dp.cpp,b6a06f69-c08a-467d-938a-1e34d7eff8aa,DiffOperationEnum.delete,Fix1003Rule,ChangeTypeEnum.fix
235,8deafb89-837b-4479-adef-4f0e9c0dfb83,cluster.dp.cpp,4f555e85-ae30-4386-a509-b2d307c3cf1f,DiffOperationEnum.delete,Fix1003Rule,ChangeTypeEnum.fix
236,8deafb89-837b-4479-adef-4f0e9c0dfb83,cluster.dp.cpp,cef61d54-cd50-4e4d-94bd-e236597e100c,DiffOperationEnum.delete,Fix1003Rule,ChangeTypeEnum.fix
237,8deafb89-837b-4479-adef-4f0e9c0dfb83,cluster.dp.cpp,32d8fcfe-d5a8-4747-812f-c97ec9abb965,DiffOperationEnum.delete,Fix1003Rule,ChangeTypeEnum.fix
238,8deafb89-837b-4479-adef-4f0e9c0dfb83,cluster.dp.cpp,a306c931-e376-4c87-a980-d4dccf808188,DiffOperationEnum.delete,Fix1003Rule,ChangeTypeEnum.fix
239,8deafb89-837b-4479-adef-4f0e9c0dfb83,cluster.dp.cpp,525352e5-68b0-4d2f-b6d4-2ab125ced7de,DiffOperationEnum.delete,Fix1003Rule,ChangeTypeEnum.fix
240,8deafb89-837b-4479-adef-4f0e9c0dfb83,cluster.dp.cpp,99cbcb8f-a1e1-4d80-b83a-acb984b7d365,DiffOperationEnum.delete,Fix1003Rule,ChangeTypeEnum.fix
241,8deafb89-837b-4479-adef-4f0e9c0dfb83,cluster.dp.cpp,8f5d3dd0-26db-4583-bca2-8b9cd08a5336,DiffOperationEnum.delete,Fix1003Rule,ChangeTypeEnum.fix
242,8deafb89-837b-4479-adef-4f0e9c0dfb83,cluster.dp.cpp,2a6a6359-f44a-4b1d-9e9a-52cacdfd13e6,DiffOperationEnum.add,Fix1003Rule,ChangeTypeEnum.fix
243,0867bbc7-6e4c-4103-b6e4-210253c8004c,cluster.dp.cpp,a956bf6e-69a6-4689-93d0-d088ae17ba4e,DiffOperationEnum.delete,Fix1003Rule,ChangeTypeEnum.fix
244,0867bbc7-6e4c-4103-b6e4-210253c8004c,cluster.dp.cpp,aa3f5c62-8d7a-4d06-b272-b8afebdf6246,DiffOperationEnum.delete,Fix1003Rule,ChangeTypeEnum.fix
245,0867bbc7-6e4c-4103-b6e4-210253c8004c,cluster.dp.cpp,0f7d5f42-e529-473b-8968-56409306618d,DiffOperationEnum.delete,Fix1003Rule,ChangeTypeEnum.fix
246,0867bbc7-6e4c-4103-b6e4-210253c8004c,cluster.dp.cpp,8eb211f4-626a-45dd-b937-0a138ba4e842,DiffOperationEnum.delete,Fix1003Rule,ChangeTypeEnum.fix
247,0867bbc7-6e4c-4103-b6e4-210253c8004c,cluster.dp.cpp,7ab51dbb-df81-497c-9e0f-7df10d0c3994,DiffOperationEnum.delete,Fix1003Rule,ChangeTypeEnum.fix
248,0867bbc7-6e4c-4103-b6e4-210253c8004c,cluster.dp.cpp,021dbfd4-c8f3-487d-bf5b-031030f0acd0,DiffOperationEnum.delete,Fix1003Rule,ChangeTypeEnum.fix
249,0867bbc7-6e4c-4103-b6e4-210253c8004c,cluster.dp.cpp,55ebf7d7-5727-4f17-b483-1bb734f5e09f,DiffOperationEnum.add,Fix1003Rule,ChangeTypeEnum.fix
250,0d5721b5-6bc8-4848-a3c1-944df293f101,cluster.dp.cpp,72890d53-36b6-4f7f-803c-4f76a163c80b,DiffOperationEnum.delete,Fix1003Rule,ChangeTypeEnum.fix
251,0d5721b5-6bc8-4848-a3c1-944df293f101,cluster.dp.cpp,0fd57b58-33b1-4995-98b6-e36ab832e177,DiffOperationEnum.delete,Fix1003Rule,ChangeTypeEnum.fix
252,0d5721b5-6bc8-4848-a3c1-944df293f101,cluster.dp.cpp,64b8e84f-a8c5-4133-8932-abb1c6f7c51b,DiffOperationEnum.delete,Fix1003Rule,ChangeTypeEnum.fix
253,0d5721b5-6bc8-4848-a3c1-944df293f101,cluster.dp.cpp,bc59d40a-1546-4eaa-902f-354eeb8fd754,DiffOperationEnum.delete,Fix1003Rule,ChangeTypeEnum.fix
254,0d5721b5-6bc8-4848-a3c1-944df293f101,cluster.dp.cpp,3d7566bc-ccc7-4db3-aae9-b587a61c352c,DiffOperationEnum.delete,Fix1003Rule,ChangeTypeEnum.fix
255,0d5721b5-6bc8-4848-a3c1-944df293f101,cluster.dp.cpp,07e0b30a-7629-4e79-9501-610e7115db0e,DiffOperationEnum.delete,Fix1003Rule,ChangeTypeEnum.fix
256,0d5721b5-6bc8-4848-a3c1-944df293f101,cluster.dp.cpp,f53e262d-188e-4b8c-98d0-d64c0bbb7649,DiffOperationEnum.add,Fix1003Rule,ChangeTypeEnum.fix
257,9987c380-dc70-494c-b507-340f6165a7d6,cluster.dp.cpp,e99544d6-7ce7-45b3-9bbf-f248a20414ed,DiffOperationEnum.delete,Fix1003Rule,ChangeTypeEnum.fix
258,9987c380-dc70-494c-b507-340f6165a7d6,cluster.dp.cpp,6b235543-f634-4dfd-b309-3454287fa7df,DiffOperationEnum.delete,Fix1003Rule,ChangeTypeEnum.fix
259,9987c380-dc70-494c-b507-340f6165a7d6,cluster.dp.cpp,a20bfd3e-c67b-45e0-9eca-9ebf7b044e92,DiffOperationEnum.delete,Fix1003Rule,ChangeTypeEnum.fix
260,9987c380-dc70-494c-b507-340f6165a7d6,cluster.dp.cpp,ddcdbdaf-a755-4e5b-8a9b-db9d96002d57,DiffOperationEnum.delete,Fix1003Rule,ChangeTypeEnum.fix
261,9987c380-dc70-494c-b507-340f6165a7d6,cluster.dp.cpp,c08004df-d87a-4fb3-b804-d4d04d6c8d27,DiffOperationEnum.delete,Fix1003Rule,ChangeTypeEnum.fix
262,9987c380-dc70-494c-b507-340f6165a7d6,cluster.dp.cpp,4ff4a398-ed8d-4349-9ba3-4201afdcf295,DiffOperationEnum.delete,Fix1003Rule,ChangeTypeEnum.fix
263,9987c380-dc70-494c-b507-340f6165a7d6,cluster.dp.cpp,8e2d524b-6b31-4fd7-add4-d742609d54d8,DiffOperationEnum.delete,Fix1003Rule,ChangeTypeEnum.fix
264,9987c380-dc70-494c-b507-340f6165a7d6,cluster.dp.cpp,e40cf2bf-f960-4723-9cb3-ffee05cc542a,DiffOperationEnum.delete,Fix1003Rule,ChangeTypeEnum.fix
265,9987c380-dc70-494c-b507-340f6165a7d6,cluster.dp.cpp,e17514e1-e38c-4beb-bc07-5fda05291eb9,DiffOperationEnum.add,Fix1003Rule,ChangeTypeEnum.fix
266,5770da24-f0c4-41fc-9e8e-2c1dd1789aa5,cluster.dp.cpp,2875cf50-e8c3-406d-bc2a-ec9ebae45a69,DiffOperationEnum.delete,Fix1003Rule,ChangeTypeEnum.fix
267,5770da24-f0c4-41fc-9e8e-2c1dd1789aa5,cluster.dp.cpp,639ecaff-dd06-4a9d-8aec-dc0e61ad5a9e,DiffOperationEnum.delete,Fix1003Rule,ChangeTypeEnum.fix
268,5770da24-f0c4-41fc-9e8e-2c1dd1789aa5,cluster.dp.cpp,e39b8328-f79f-4669-86a0-dff2f0fd1c5e,DiffOperationEnum.delete,Fix1003Rule,ChangeTypeEnum.fix
269,5770da24-f0c4-41fc-9e8e-2c1dd1789aa5,cluster.dp.cpp,009e1fbe-24b9-404d-a589-6bb626d20318,DiffOperationEnum.delete,Fix1003Rule,ChangeTypeEnum.fix
270,5770da24-f0c4-41fc-9e8e-2c1dd1789aa5,cluster.dp.cpp,11e9df6e-6a4a-4673-9cfa-e43550128e0b,DiffOperationEnum.delete,Fix1003Rule,ChangeTypeEnum.fix
271,5770da24-f0c4-41fc-9e8e-2c1dd1789aa5,cluster.dp.cpp,1061097c-b0a0-4e36-9486-392bceb30cd5,DiffOperationEnum.delete,Fix1003Rule,ChangeTypeEnum.fix
272,5770da24-f0c4-41fc-9e8e-2c1dd1789aa5,cluster.dp.cpp,beb88405-e6f5-46ce-ad8d-efb42b035f54,DiffOperationEnum.delete,Fix1003Rule,ChangeTypeEnum.fix
273,5770da24-f0c4-41fc-9e8e-2c1dd1789aa5,cluster.dp.cpp,7e56c4a0-cf95-4ef3-bf80-3bfface7b6df,DiffOperationEnum.delete,Fix1003Rule,ChangeTypeEnum.fix
274,5770da24-f0c4-41fc-9e8e-2c1dd1789aa5,cluster.dp.cpp,7934b9ed-8193-46f4-b9e6-1078399e5c2c,DiffOperationEnum.add,Fix1003Rule,ChangeTypeEnum.fix
275,32f50753-baa1-4722-aab2-50081e27a4cb,cluster.dp.cpp,22a2a020-161b-4a60-809a-3ad2afc5b214,DiffOperationEnum.delete,Fix1003Rule,ChangeTypeEnum.fix
276,32f50753-baa1-4722-aab2-50081e27a4cb,cluster.dp.cpp,480ca419-151c-453e-829c-cc1385a0eb7d,DiffOperationEnum.delete,Fix1003Rule,ChangeTypeEnum.fix
277,32f50753-baa1-4722-aab2-50081e27a4cb,cluster.dp.cpp,9437ea2b-ab35-4a65-a230-4de779a05a38,DiffOperationEnum.delete,Fix1003Rule,ChangeTypeEnum.fix
278,32f50753-baa1-4722-aab2-50081e27a4cb,cluster.dp.cpp,8622c8cb-1faf-41b9-b3d4-6cd4a647397b,DiffOperationEnum.delete,Fix1003Rule,ChangeTypeEnum.fix
279,32f50753-baa1-4722-aab2-50081e27a4cb,cluster.dp.cpp,5cc71155-ed46-4c21-b44c-bb6887474308,DiffOperationEnum.delete,Fix1003Rule,ChangeTypeEnum.fix
280,32f50753-baa1-4722-aab2-50081e27a4cb,cluster.dp.cpp,d8c39442-36b4-4c96-ba20-aba1b1035d88,DiffOperationEnum.delete,Fix1003Rule,ChangeTypeEnum.fix
281,32f50753-baa1-4722-aab2-50081e27a4cb,cluster.dp.cpp,b56c69cf-9455-4366-9b6a-dfe7b7e3fcbb,DiffOperationEnum.delete,Fix1003Rule,ChangeTypeEnum.fix
282,32f50753-baa1-4722-aab2-50081e27a4cb,cluster.dp.cpp,3701d75d-b58d-4289-b82c-8d17f4d1c023,DiffOperationEnum.delete,Fix1003Rule,ChangeTypeEnum.fix
283,32f50753-baa1-4722-aab2-50081e27a4cb,cluster.dp.cpp,1c23d440-342b-472a-a05a-80a54e424861,DiffOperationEnum.delete,Fix1003Rule,ChangeTypeEnum.fix
284,32f50753-baa1-4722-aab2-50081e27a4cb,cluster.dp.cpp,ad594bd3-38fe-43d4-b239-28370944aba0,DiffOperationEnum.add,Fix1003Rule,ChangeTypeEnum.fix
285,24f54131-9494-4a1d-9dd9-ded4c4621043,cluster.dp.cpp,dc81ad0e-6934-43b3-98df-6e2927d4db8f,DiffOperationEnum.delete,Fix1003Rule,ChangeTypeEnum.fix
286,24f54131-9494-4a1d-9dd9-ded4c4621043,cluster.dp.cpp,b75ca73e-b99a-46b6-9330-5b26d6b169e0,DiffOperationEnum.delete,Fix1003Rule,ChangeTypeEnum.fix
287,24f54131-9494-4a1d-9dd9-ded4c4621043,cluster.dp.cpp,7176fd36-bcfc-4bde-af99-50513a35acb3,DiffOperationEnum.delete,Fix1003Rule,ChangeTypeEnum.fix
288,24f54131-9494-4a1d-9dd9-ded4c4621043,cluster.dp.cpp,12895f8f-a455-4ba6-b361-509f42460feb,DiffOperationEnum.delete,Fix1003Rule,ChangeTypeEnum.fix
289,24f54131-9494-4a1d-9dd9-ded4c4621043,cluster.dp.cpp,43eb7e0d-cbc6-449c-b2a0-1ab4c4066c90,DiffOperationEnum.delete,Fix1003Rule,ChangeTypeEnum.fix
290,24f54131-9494-4a1d-9dd9-ded4c4621043,cluster.dp.cpp,c08f4980-9c21-4829-b66d-0401b9839dcd,DiffOperationEnum.delete,Fix1003Rule,ChangeTypeEnum.fix
291,24f54131-9494-4a1d-9dd9-ded4c4621043,cluster.dp.cpp,100c26ea-966c-4a43-8eae-f41483ad6baf,DiffOperationEnum.delete,Fix1003Rule,ChangeTypeEnum.fix
292,24f54131-9494-4a1d-9dd9-ded4c4621043,cluster.dp.cpp,9298ddfa-eac6-41c4-8027-b1a1d76348a7,DiffOperationEnum.delete,Fix1003Rule,ChangeTypeEnum.fix
293,24f54131-9494-4a1d-9dd9-ded4c4621043,cluster.dp.cpp,00b61c94-4df7-4b39-b200-e613e940d8ea,DiffOperationEnum.delete,Fix1003Rule,ChangeTypeEnum.fix
294,24f54131-9494-4a1d-9dd9-ded4c4621043,cluster.dp.cpp,b16e3932-2ca0-4f4c-b1d5-c8b8d99aa5cb,DiffOperationEnum.delete,Fix1003Rule,ChangeTypeEnum.fix
295,24f54131-9494-4a1d-9dd9-ded4c4621043,cluster.dp.cpp,e93adefd-e1b8-41cc-baf6-984f600bacb5,DiffOperationEnum.add,Fix1003Rule,ChangeTypeEnum.fix
296,e326d261-38c9-4bca-9535-c8f2debf58c6,cluster.dp.cpp,ba6df773-b496-445a-8c05-497fa72748fe,DiffOperationEnum.delete,Fix1003Rule,ChangeTypeEnum.fix
297,e326d261-38c9-4bca-9535-c8f2debf58c6,cluster.dp.cpp,6b9b88d7-4c00-4dc4-b1a2-d247e2358940,DiffOperationEnum.delete,Fix1003Rule,ChangeTypeEnum.fix
298,e326d261-38c9-4bca-9535-c8f2debf58c6,cluster.dp.cpp,43bbf72a-ca23-4fe4-b308-a029d4e9e410,DiffOperationEnum.delete,Fix1003Rule,ChangeTypeEnum.fix
299,e326d261-38c9-4bca-9535-c8f2debf58c6,cluster.dp.cpp,98675a6a-3de6-4f5c-9369-360e65645fdd,DiffOperationEnum.delete,Fix1003Rule,ChangeTypeEnum.fix
300,e326d261-38c9-4bca-9535-c8f2debf58c6,cluster.dp.cpp,5dbb2115-86a8-46f1-85b2-873729a8ca08,DiffOperationEnum.delete,Fix1003Rule,ChangeTypeEnum.fix
301,e326d261-38c9-4bca-9535-c8f2debf58c6,cluster.dp.cpp,1aa4d3e9-968d-4299-ba54-db915b778007,DiffOperationEnum.delete,Fix1003Rule,ChangeTypeEnum.fix
302,e326d261-38c9-4bca-9535-c8f2debf58c6,cluster.dp.cpp,023fa5df-865d-4939-a1d5-5a26ced16384,DiffOperationEnum.delete,Fix1003Rule,ChangeTypeEnum.fix
303,e326d261-38c9-4bca-9535-c8f2debf58c6,cluster.dp.cpp,0ada5fb4-ae9f-494f-bcea-a2b12b65c35b,DiffOperationEnum.delete,Fix1003Rule,ChangeTypeEnum.fix
304,e326d261-38c9-4bca-9535-c8f2debf58c6,cluster.dp.cpp,5de28428-456e-4726-be60-181df11ddde9,DiffOperationEnum.delete,Fix1003Rule,ChangeTypeEnum.fix
305,e326d261-38c9-4bca-9535-c8f2debf58c6,cluster.dp.cpp,5e88649b-d848-4ea1-9168-f8a874f0e337,DiffOperationEnum.delete,Fix1003Rule,ChangeTypeEnum.fix
306,e326d261-38c9-4bca-9535-c8f2debf58c6,cluster.dp.cpp,6633978a-26c9-472d-b966-0d547a3626a2,DiffOperationEnum.add,Fix1003Rule,ChangeTypeEnum.fix
307,f8e0b662-4a76-48e4-96e1-c7cf8ccb3912,cluster.dp.cpp,ff9125c5-47f3-4fd2-95e5-4ef12caa156d,DiffOperationEnum.delete,Fix1003Rule,ChangeTypeEnum.fix
308,f8e0b662-4a76-48e4-96e1-c7cf8ccb3912,cluster.dp.cpp,a480dd04-d5fe-40a7-bd11-8dd5da89501a,DiffOperationEnum.delete,Fix1003Rule,ChangeTypeEnum.fix
309,f8e0b662-4a76-48e4-96e1-c7cf8ccb3912,cluster.dp.cpp,423f2eb5-3b98-4b12-adfd-9ba45bbdf940,DiffOperationEnum.delete,Fix1003Rule,ChangeTypeEnum.fix
310,f8e0b662-4a76-48e4-96e1-c7cf8ccb3912,cluster.dp.cpp,5539b7f7-c3ba-41be-aadd-edcbf1da7048,DiffOperationEnum.delete,Fix1003Rule,ChangeTypeEnum.fix
311,f8e0b662-4a76-48e4-96e1-c7cf8ccb3912,cluster.dp.cpp,bcdca63f-383c-483f-ad36-f678fb386d89,DiffOperationEnum.delete,Fix1003Rule,ChangeTypeEnum.fix
312,f8e0b662-4a76-48e4-96e1-c7cf8ccb3912,cluster.dp.cpp,dfc4a7e9-fcaf-4869-ae4c-79ba92ee6c54,DiffOperationEnum.delete,Fix1003Rule,ChangeTypeEnum.fix
313,f8e0b662-4a76-48e4-96e1-c7cf8ccb3912,cluster.dp.cpp,202066d1-3666-4b99-9bed-7cce62987afa,DiffOperationEnum.add,Fix1003Rule,ChangeTypeEnum.fix
314,f8c061a4-a05c-4cb8-8119-5070aa38e910,cluster.dp.cpp,0a592c74-dca4-434b-acc2-65bf6741c169,DiffOperationEnum.delete,Fix1003Rule,ChangeTypeEnum.fix
315,f8c061a4-a05c-4cb8-8119-5070aa38e910,cluster.dp.cpp,13fb66c0-2c8f-4570-99c4-d03a832406a2,DiffOperationEnum.delete,Fix1003Rule,ChangeTypeEnum.fix
316,f8c061a4-a05c-4cb8-8119-5070aa38e910,cluster.dp.cpp,292d3a84-e2b6-448f-a39d-81d2b0faf904,DiffOperationEnum.delete,Fix1003Rule,ChangeTypeEnum.fix
317,f8c061a4-a05c-4cb8-8119-5070aa38e910,cluster.dp.cpp,df8b8799-6559-4806-8a93-0a3c54d94780,DiffOperationEnum.delete,Fix1003Rule,ChangeTypeEnum.fix
318,f8c061a4-a05c-4cb8-8119-5070aa38e910,cluster.dp.cpp,9edd9c9d-5b75-480e-9ed1-cacb51b68434,DiffOperationEnum.delete,Fix1003Rule,ChangeTypeEnum.fix
319,f8c061a4-a05c-4cb8-8119-5070aa38e910,cluster.dp.cpp,b9eabc22-4846-429a-995c-35e5da330b6e,DiffOperationEnum.delete,Fix1003Rule,ChangeTypeEnum.fix
320,f8c061a4-a05c-4cb8-8119-5070aa38e910,cluster.dp.cpp,ba9d31fb-5745-4675-a7d5-7d0580492b98,DiffOperationEnum.delete,Fix1003Rule,ChangeTypeEnum.fix
321,f8c061a4-a05c-4cb8-8119-5070aa38e910,cluster.dp.cpp,745686d8-740e-4bdf-9944-e4cda176bdde,DiffOperationEnum.add,Fix1003Rule,ChangeTypeEnum.fix
322,cb58374a-e200-4610-8e24-40450b42f945,cluster.dp.cpp,88d88c2a-ca04-4163-8ee6-384c3cfd97e7,DiffOperationEnum.delete,Fix1003Rule,ChangeTypeEnum.fix
323,cb58374a-e200-4610-8e24-40450b42f945,cluster.dp.cpp,6ff8ff48-de9a-475e-ae95-f0046f439e75,DiffOperationEnum.delete,Fix1003Rule,ChangeTypeEnum.fix
324,cb58374a-e200-4610-8e24-40450b42f945,cluster.dp.cpp,b034d981-23ea-4fba-b23d-7889ae95cda6,DiffOperationEnum.delete,Fix1003Rule,ChangeTypeEnum.fix
325,cb58374a-e200-4610-8e24-40450b42f945,cluster.dp.cpp,abd0c59d-341d-43d3-8256-90db4faca4ff,DiffOperationEnum.delete,Fix1003Rule,ChangeTypeEnum.fix
326,cb58374a-e200-4610-8e24-40450b42f945,cluster.dp.cpp,122e1a42-6c47-4119-b730-0f6bdeb4685c,DiffOperationEnum.delete,Fix1003Rule,ChangeTypeEnum.fix
327,cb58374a-e200-4610-8e24-40450b42f945,cluster.dp.cpp,72b2790e-b33e-4015-8995-d7ac7663d6c9,DiffOperationEnum.delete,Fix1003Rule,ChangeTypeEnum.fix
328,cb58374a-e200-4610-8e24-40450b42f945,cluster.dp.cpp,862d79b1-da24-43cd-a508-028acb172a6e,DiffOperationEnum.delete,Fix1003Rule,ChangeTypeEnum.fix
329,cb58374a-e200-4610-8e24-40450b42f945,cluster.dp.cpp,98e32807-258e-4e2b-87e5-4fcc67738e8b,DiffOperationEnum.add,Fix1003Rule,ChangeTypeEnum.fix
330,6f762232-e4ee-4cc2-9307-bdab4c0d8f4b,cluster.dp.cpp,01b0e184-2ceb-4722-b119-73d3aca4cd15,DiffOperationEnum.delete,Fix1003Rule,ChangeTypeEnum.fix
331,6f762232-e4ee-4cc2-9307-bdab4c0d8f4b,cluster.dp.cpp,24f2bbeb-2020-439f-af39-5efd330cf266,DiffOperationEnum.delete,Fix1003Rule,ChangeTypeEnum.fix
332,6f762232-e4ee-4cc2-9307-bdab4c0d8f4b,cluster.dp.cpp,42838f8f-7307-4c6f-9288-c49452ad5560,DiffOperationEnum.delete,Fix1003Rule,ChangeTypeEnum.fix
333,6f762232-e4ee-4cc2-9307-bdab4c0d8f4b,cluster.dp.cpp,12924ab8-48b8-4ece-a966-dc25736640f4,DiffOperationEnum.delete,Fix1003Rule,ChangeTypeEnum.fix
334,6f762232-e4ee-4cc2-9307-bdab4c0d8f4b,cluster.dp.cpp,1ac6163c-62ac-4fee-821c-5861dc10f5d6,DiffOperationEnum.delete,Fix1003Rule,ChangeTypeEnum.fix
335,6f762232-e4ee-4cc2-9307-bdab4c0d8f4b,cluster.dp.cpp,9bf4151d-d86f-466e-abf5-70d5a8244914,DiffOperationEnum.delete,Fix1003Rule,ChangeTypeEnum.fix
336,6f762232-e4ee-4cc2-9307-bdab4c0d8f4b,cluster.dp.cpp,e4ac911e-4cfc-4042-953b-681da0913888,DiffOperationEnum.delete,Fix1003Rule,ChangeTypeEnum.fix
337,6f762232-e4ee-4cc2-9307-bdab4c0d8f4b,cluster.dp.cpp,a969c9ce-ecdc-4b38-9805-e081626faa8e,DiffOperationEnum.delete,Fix1003Rule,ChangeTypeEnum.fix
338,6f762232-e4ee-4cc2-9307-bdab4c0d8f4b,cluster.dp.cpp,1d550278-3936-41e2-b48f-903fd37919c6,DiffOperationEnum.add,Fix1003Rule,ChangeTypeEnum.fix
339,e8330ac1-5ffc-4b40-949b-b8343c2b530c,cluster.dp.cpp,cfb4485f-e9a1-40a0-9757-eaddc7fdf2d3,DiffOperationEnum.delete,Fix1003Rule,ChangeTypeEnum.fix
340,e8330ac1-5ffc-4b40-949b-b8343c2b530c,cluster.dp.cpp,667909c5-5577-4294-94ac-29b920771570,DiffOperationEnum.delete,Fix1003Rule,ChangeTypeEnum.fix
341,e8330ac1-5ffc-4b40-949b-b8343c2b530c,cluster.dp.cpp,c3d9e531-6ddd-4588-b884-9a690cf453b9,DiffOperationEnum.delete,Fix1003Rule,ChangeTypeEnum.fix
342,e8330ac1-5ffc-4b40-949b-b8343c2b530c,cluster.dp.cpp,45b0c518-be31-43b5-b9a6-bddeab0320f4,DiffOperationEnum.delete,Fix1003Rule,ChangeTypeEnum.fix
343,e8330ac1-5ffc-4b40-949b-b8343c2b530c,cluster.dp.cpp,0c422db8-2e07-4d00-9b00-ca6d92515cee,DiffOperationEnum.delete,Fix1003Rule,ChangeTypeEnum.fix
344,e8330ac1-5ffc-4b40-949b-b8343c2b530c,cluster.dp.cpp,56372382-b831-42a3-881a-f2a830205e89,DiffOperationEnum.delete,Fix1003Rule,ChangeTypeEnum.fix
345,e8330ac1-5ffc-4b40-949b-b8343c2b530c,cluster.dp.cpp,7aaad625-7acc-4e01-b43d-306c6229a427,DiffOperationEnum.add,Fix1003Rule,ChangeTypeEnum.fix
346,7fbe147d-9d33-4e2a-9cab-afdb8767523b,cluster.dp.cpp,920ae750-fc4f-4ba4-ba99-ee3743e0729a,DiffOperationEnum.delete,Fix1003Rule,ChangeTypeEnum.fix
347,7fbe147d-9d33-4e2a-9cab-afdb8767523b,cluster.dp.cpp,4d88b2cc-12c5-481b-a520-d8feb4f25ad8,DiffOperationEnum.delete,Fix1003Rule,ChangeTypeEnum.fix
348,7fbe147d-9d33-4e2a-9cab-afdb8767523b,cluster.dp.cpp,0fc5e314-3306-4688-bfb5-857baf6f2d23,DiffOperationEnum.delete,Fix1003Rule,ChangeTypeEnum.fix
349,7fbe147d-9d33-4e2a-9cab-afdb8767523b,cluster.dp.cpp,ce870160-c17b-490f-bca0-69636cca109f,DiffOperationEnum.delete,Fix1003Rule,ChangeTypeEnum.fix
350,7fbe147d-9d33-4e2a-9cab-afdb8767523b,cluster.dp.cpp,84f7c664-479f-4997-ab3d-fb2a5db59bb7,DiffOperationEnum.delete,Fix1003Rule,ChangeTypeEnum.fix
351,7fbe147d-9d33-4e2a-9cab-afdb8767523b,cluster.dp.cpp,84269545-dca5-4b28-8fb4-eb767e4311f0,DiffOperationEnum.delete,Fix1003Rule,ChangeTypeEnum.fix
352,7fbe147d-9d33-4e2a-9cab-afdb8767523b,cluster.dp.cpp,7b9217bb-a40a-4f3b-8406-561e493aaa9a,DiffOperationEnum.delete,Fix1003Rule,ChangeTypeEnum.fix
353,7fbe147d-9d33-4e2a-9cab-afdb8767523b,cluster.dp.cpp,402b4b18-2e15-46d3-87eb-5062fb299370,DiffOperationEnum.delete,Fix1003Rule,ChangeTypeEnum.fix
354,7fbe147d-9d33-4e2a-9cab-afdb8767523b,cluster.dp.cpp,6cc88ea4-9f0e-4971-b89a-8cd1bb600e35,DiffOperationEnum.delete,Fix1003Rule,ChangeTypeEnum.fix
355,7fbe147d-9d33-4e2a-9cab-afdb8767523b,cluster.dp.cpp,ac46bce7-081f-4852-b8d5-4473c67bdafd,DiffOperationEnum.add,Fix1003Rule,ChangeTypeEnum.fix
356,aa92a61f-ae0d-487b-b803-300bdac56b3b,cluster.dp.cpp,0a8ec71c-9684-461c-ab2b-3cc821646ddf,DiffOperationEnum.delete,Fix1003Rule,ChangeTypeEnum.fix
357,aa92a61f-ae0d-487b-b803-300bdac56b3b,cluster.dp.cpp,e35367ce-cb44-4bb3-8a2b-5ec291bdb432,DiffOperationEnum.delete,Fix1003Rule,ChangeTypeEnum.fix
358,aa92a61f-ae0d-487b-b803-300bdac56b3b,cluster.dp.cpp,1234e981-f310-4a29-a349-71062f3b709c,DiffOperationEnum.delete,Fix1003Rule,ChangeTypeEnum.fix
359,aa92a61f-ae0d-487b-b803-300bdac56b3b,cluster.dp.cpp,46727816-3112-4562-acf3-8da24df19deb,DiffOperationEnum.delete,Fix1003Rule,ChangeTypeEnum.fix
360,aa92a61f-ae0d-487b-b803-300bdac56b3b,cluster.dp.cpp,4f33f17b-45e7-4c7e-8410-8be704c46f2d,DiffOperationEnum.delete,Fix1003Rule,ChangeTypeEnum.fix
361,aa92a61f-ae0d-487b-b803-300bdac56b3b,cluster.dp.cpp,66a6c8eb-43ac-4c7e-8b54-9d79b700b0e7,DiffOperationEnum.delete,Fix1003Rule,ChangeTypeEnum.fix
362,aa92a61f-ae0d-487b-b803-300bdac56b3b,cluster.dp.cpp,433f5e8f-3147-4cbc-b28b-25e97fa9e941,DiffOperationEnum.delete,Fix1003Rule,ChangeTypeEnum.fix
363,aa92a61f-ae0d-487b-b803-300bdac56b3b,cluster.dp.cpp,96fcdf2d-3ba2-4259-a5c0-b5ad42cbd3ab,DiffOperationEnum.delete,Fix1003Rule,ChangeTypeEnum.fix
364,aa92a61f-ae0d-487b-b803-300bdac56b3b,cluster.dp.cpp,ce5d8f6e-6f6a-4689-a8db-a028a13d65be,DiffOperationEnum.delete,Fix1003Rule,ChangeTypeEnum.fix
365,aa92a61f-ae0d-487b-b803-300bdac56b3b,cluster.dp.cpp,9dc2e0d0-9dea-4d73-9718-24308dbeae52,DiffOperationEnum.add,Fix1003Rule,ChangeTypeEnum.fix
366,b1051a55-025a-462e-9795-aae59a83d72e,cluster.dp.cpp,00b55e65-1eaf-4850-8de6-4dd207baabde,DiffOperationEnum.delete,Fix1003Rule,ChangeTypeEnum.fix
367,b1051a55-025a-462e-9795-aae59a83d72e,cluster.dp.cpp,791fad1c-ec02-40dc-a5c2-19a47581ffa0,DiffOperationEnum.delete,Fix1003Rule,ChangeTypeEnum.fix
368,b1051a55-025a-462e-9795-aae59a83d72e,cluster.dp.cpp,7b705d7a-61fe-4109-99b7-4b45015e27a0,DiffOperationEnum.delete,Fix1003Rule,ChangeTypeEnum.fix
369,b1051a55-025a-462e-9795-aae59a83d72e,cluster.dp.cpp,53229a82-6bfd-4ee0-a2ea-b29ba7a7f232,DiffOperationEnum.delete,Fix1003Rule,ChangeTypeEnum.fix
370,b1051a55-025a-462e-9795-aae59a83d72e,cluster.dp.cpp,ec5c84a7-82d2-480b-9f5a-962679779858,DiffOperationEnum.delete,Fix1003Rule,ChangeTypeEnum.fix
371,b1051a55-025a-462e-9795-aae59a83d72e,cluster.dp.cpp,cc9428af-2e5f-4549-a5f2-5e66f33d4e52,DiffOperationEnum.delete,Fix1003Rule,ChangeTypeEnum.fix
372,b1051a55-025a-462e-9795-aae59a83d72e,cluster.dp.cpp,a176f221-c605-4f64-8836-386a6528358d,DiffOperationEnum.delete,Fix1003Rule,ChangeTypeEnum.fix
373,b1051a55-025a-462e-9795-aae59a83d72e,cluster.dp.cpp,f57c1faf-7253-4064-b979-1d5b7cbe82d8,DiffOperationEnum.delete,Fix1003Rule,ChangeTypeEnum.fix
374,b1051a55-025a-462e-9795-aae59a83d72e,cluster.dp.cpp,0c1885cd-8143-4b3e-b038-ef81cedc6dc5,DiffOperationEnum.delete,Fix1003Rule,ChangeTypeEnum.fix
375,b1051a55-025a-462e-9795-aae59a83d72e,cluster.dp.cpp,b0db353b-e25f-4a29-be91-2b17f96bdca8,DiffOperationEnum.add,Fix1003Rule,ChangeTypeEnum.fix
376,fe2fea7f-b066-436b-b8a0-94dd5b724fcc,cluster.dp.cpp,77785232-8e7a-44b6-9b85-85f3b1ef798e,DiffOperationEnum.delete,Fix1003Rule,ChangeTypeEnum.fix
377,fe2fea7f-b066-436b-b8a0-94dd5b724fcc,cluster.dp.cpp,5f1bec00-fce9-4841-85b6-b2666691e5d5,DiffOperationEnum.delete,Fix1003Rule,ChangeTypeEnum.fix
378,fe2fea7f-b066-436b-b8a0-94dd5b724fcc,cluster.dp.cpp,5c565ce1-5a64-4816-b1f5-3269bc11a41c,DiffOperationEnum.delete,Fix1003Rule,ChangeTypeEnum.fix
379,fe2fea7f-b066-436b-b8a0-94dd5b724fcc,cluster.dp.cpp,987e9f78-84a3-46b0-87ee-4d6f45cd5724,DiffOperationEnum.delete,Fix1003Rule,ChangeTypeEnum.fix
380,fe2fea7f-b066-436b-b8a0-94dd5b724fcc,cluster.dp.cpp,d3bec372-b745-49ba-a49f-20bcd67174ab,DiffOperationEnum.delete,Fix1003Rule,ChangeTypeEnum.fix
381,fe2fea7f-b066-436b-b8a0-94dd5b724fcc,cluster.dp.cpp,508e9de1-676a-43f4-a0b3-091cb8cf219d,DiffOperationEnum.delete,Fix1003Rule,ChangeTypeEnum.fix
382,fe2fea7f-b066-436b-b8a0-94dd5b724fcc,cluster.dp.cpp,84cd9c73-4a7b-4ebe-b588-15e8d1575702,DiffOperationEnum.delete,Fix1003Rule,ChangeTypeEnum.fix
383,fe2fea7f-b066-436b-b8a0-94dd5b724fcc,cluster.dp.cpp,a446171d-28db-4e67-a5de-83a9f12e03b4,DiffOperationEnum.delete,Fix1003Rule,ChangeTypeEnum.fix
384,fe2fea7f-b066-436b-b8a0-94dd5b724fcc,cluster.dp.cpp,1b988a0a-b995-4bad-8c58-eed03bc8ff4c,DiffOperationEnum.delete,Fix1003Rule,ChangeTypeEnum.fix
385,fe2fea7f-b066-436b-b8a0-94dd5b724fcc,cluster.dp.cpp,0d44ccd2-0a74-4ef8-b035-3a09864e1f1a,DiffOperationEnum.add,Fix1003Rule,ChangeTypeEnum.fix
386,1f81d936-9b87-46fe-8db9-15b161fc37e0,cluster.dp.cpp,abb33990-6ac7-4f5b-ae6c-71285af8c7f8,DiffOperationEnum.delete,Fix1003Rule,ChangeTypeEnum.fix
387,1f81d936-9b87-46fe-8db9-15b161fc37e0,cluster.dp.cpp,69063894-3c68-4494-adea-0ec963b12fc4,DiffOperationEnum.delete,Fix1003Rule,ChangeTypeEnum.fix
388,1f81d936-9b87-46fe-8db9-15b161fc37e0,cluster.dp.cpp,e37d8e77-9132-4be3-9d5e-8849a2d82c33,DiffOperationEnum.delete,Fix1003Rule,ChangeTypeEnum.fix
389,1f81d936-9b87-46fe-8db9-15b161fc37e0,cluster.dp.cpp,7f6c4a44-c6e1-4718-94cf-4ffed5a1b6e5,DiffOperationEnum.delete,Fix1003Rule,ChangeTypeEnum.fix
390,1f81d936-9b87-46fe-8db9-15b161fc37e0,cluster.dp.cpp,c117d7e1-bc73-4a0d-8232-19f0afeec0b0,DiffOperationEnum.delete,Fix1003Rule,ChangeTypeEnum.fix
391,1f81d936-9b87-46fe-8db9-15b161fc37e0,cluster.dp.cpp,a9b76a4c-71c4-4811-8035-9923254209fa,DiffOperationEnum.delete,Fix1003Rule,ChangeTypeEnum.fix
392,1f81d936-9b87-46fe-8db9-15b161fc37e0,cluster.dp.cpp,81de465b-e1cb-44e8-9ae7-84275f947f8f,DiffOperationEnum.delete,Fix1003Rule,ChangeTypeEnum.fix
393,1f81d936-9b87-46fe-8db9-15b161fc37e0,cluster.dp.cpp,0bb74002-5809-405d-a36e-0876c9970666,DiffOperationEnum.delete,Fix1003Rule,ChangeTypeEnum.fix
394,1f81d936-9b87-46fe-8db9-15b161fc37e0,cluster.dp.cpp,ad3ac603-44be-4839-bdca-7783a60b4d9f,DiffOperationEnum.delete,Fix1003Rule,ChangeTypeEnum.fix
395,1f81d936-9b87-46fe-8db9-15b161fc37e0,cluster.dp.cpp,6615ddcd-fe35-490c-a745-72f4f92deafb,DiffOperationEnum.delete,Fix1003Rule,ChangeTypeEnum.fix
396,1f81d936-9b87-46fe-8db9-15b161fc37e0,cluster.dp.cpp,68f51beb-fff3-450d-b0d3-da52f10505f4,DiffOperationEnum.add,Fix1003Rule,ChangeTypeEnum.fix
397,04ff3307-7ce6-4562-9150-5c2a03bedbd5,cluster.dp.cpp,64d94d7b-39fd-4d2c-a51d-6cfb0c4a5203,DiffOperationEnum.delete,Fix1003Rule,ChangeTypeEnum.fix
398,04ff3307-7ce6-4562-9150-5c2a03bedbd5,cluster.dp.cpp,cb2ad723-9ff5-4374-94b6-3be0b9c1c86c,DiffOperationEnum.delete,Fix1003Rule,ChangeTypeEnum.fix
399,04ff3307-7ce6-4562-9150-5c2a03bedbd5,cluster.dp.cpp,0c4345e2-2617-4a9f-a349-0489cdad29e6,DiffOperationEnum.delete,Fix1003Rule,ChangeTypeEnum.fix
400,04ff3307-7ce6-4562-9150-5c2a03bedbd5,cluster.dp.cpp,5dcc9499-0568-4665-bdf2-518a799694e2,DiffOperationEnum.delete,Fix1003Rule,ChangeTypeEnum.fix
401,04ff3307-7ce6-4562-9150-5c2a03bedbd5,cluster.dp.cpp,ed4deb71-3b95-4645-9d91-5ce6ceca1043,DiffOperationEnum.delete,Fix1003Rule,ChangeTypeEnum.fix
402,04ff3307-7ce6-4562-9150-5c2a03bedbd5,cluster.dp.cpp,7855d9f1-db5f-4431-9962-3dcfdeac4c2a,DiffOperationEnum.delete,Fix1003Rule,ChangeTypeEnum.fix
403,04ff3307-7ce6-4562-9150-5c2a03bedbd5,cluster.dp.cpp,cc8af9f1-7a2b-43b4-9838-e10f9f0bd45e,DiffOperationEnum.delete,Fix1003Rule,ChangeTypeEnum.fix
404,04ff3307-7ce6-4562-9150-5c2a03bedbd5,cluster.dp.cpp,ba232e4d-d05e-496e-850b-d7f57836a836,DiffOperationEnum.delete,Fix1003Rule,ChangeTypeEnum.fix
405,04ff3307-7ce6-4562-9150-5c2a03bedbd5,cluster.dp.cpp,56d973f4-c52d-42e8-b143-6e756b7bfd5e,DiffOperationEnum.delete,Fix1003Rule,ChangeTypeEnum.fix
406,04ff3307-7ce6-4562-9150-5c2a03bedbd5,cluster.dp.cpp,1f98abe8-a9bb-4a32-a6d9-bd6bf62b70a2,DiffOperationEnum.delete,Fix1003Rule,ChangeTypeEnum.fix
407,04ff3307-7ce6-4562-9150-5c2a03bedbd5,cluster.dp.cpp,67e2b4ab-d644-4cd9-9ec4-ca7e0a64bc24,DiffOperationEnum.add,Fix1003Rule,ChangeTypeEnum.fix
408,636305ab-d58d-4573-a0ba-f55cf9623844,cluster.dp.cpp,8af13fbf-c0cf-4f3f-b322-8d78b7131fa0,DiffOperationEnum.delete,Fix1003Rule,ChangeTypeEnum.fix
409,636305ab-d58d-4573-a0ba-f55cf9623844,cluster.dp.cpp,873b9c7f-1990-4f45-ae9d-4a9823b38776,DiffOperationEnum.delete,Fix1003Rule,ChangeTypeEnum.fix
410,636305ab-d58d-4573-a0ba-f55cf9623844,cluster.dp.cpp,78ad690e-4dd5-432c-988f-c82382bc3886,DiffOperationEnum.delete,Fix1003Rule,ChangeTypeEnum.fix
411,636305ab-d58d-4573-a0ba-f55cf9623844,cluster.dp.cpp,bec3826a-dbe8-47d9-8d2e-b0c9510cecac,DiffOperationEnum.delete,Fix1003Rule,ChangeTypeEnum.fix
412,636305ab-d58d-4573-a0ba-f55cf9623844,cluster.dp.cpp,3d2e78a5-be67-4d68-be48-32dc2b366d5a,DiffOperationEnum.delete,Fix1003Rule,ChangeTypeEnum.fix
413,636305ab-d58d-4573-a0ba-f55cf9623844,cluster.dp.cpp,0e96a1a7-04a3-48b1-8c90-1b837bff1702,DiffOperationEnum.delete,Fix1003Rule,ChangeTypeEnum.fix
414,636305ab-d58d-4573-a0ba-f55cf9623844,cluster.dp.cpp,4219c475-292d-45f9-9a67-7bdc6b1fc076,DiffOperationEnum.delete,Fix1003Rule,ChangeTypeEnum.fix
415,636305ab-d58d-4573-a0ba-f55cf9623844,cluster.dp.cpp,c7a5375f-60e0-4124-83d7-a01a90749a25,DiffOperationEnum.delete,Fix1003Rule,ChangeTypeEnum.fix
416,636305ab-d58d-4573-a0ba-f55cf9623844,cluster.dp.cpp,cdbac997-0da8-45b9-9ac9-7b3a4d6c035c,DiffOperationEnum.delete,Fix1003Rule,ChangeTypeEnum.fix
417,636305ab-d58d-4573-a0ba-f55cf9623844,cluster.dp.cpp,b37d351b-98cb-4dfb-9ec3-b80b7b5c101f,DiffOperationEnum.add,Fix1003Rule,ChangeTypeEnum.fix
418,961bad50-8f13-48ee-aaed-efc8d74c416f,cluster.dp.cpp,376a57f9-7e4f-4f1b-9ca0-de4e3123999a,DiffOperationEnum.delete,Fix1003Rule,ChangeTypeEnum.fix
419,961bad50-8f13-48ee-aaed-efc8d74c416f,cluster.dp.cpp,6a94c6b6-b75f-462e-ac81-653d0732d417,DiffOperationEnum.delete,Fix1003Rule,ChangeTypeEnum.fix
420,961bad50-8f13-48ee-aaed-efc8d74c416f,cluster.dp.cpp,179900b6-fde6-4fd7-9017-dfb86d697dc7,DiffOperationEnum.delete,Fix1003Rule,ChangeTypeEnum.fix
421,961bad50-8f13-48ee-aaed-efc8d74c416f,cluster.dp.cpp,943ac82e-ea7a-47cc-bc7d-d45106b53da7,DiffOperationEnum.delete,Fix1003Rule,ChangeTypeEnum.fix
422,961bad50-8f13-48ee-aaed-efc8d74c416f,cluster.dp.cpp,9fd9bd54-b381-4f52-ad02-a1ffefb00176,DiffOperationEnum.delete,Fix1003Rule,ChangeTypeEnum.fix
423,961bad50-8f13-48ee-aaed-efc8d74c416f,cluster.dp.cpp,44c06f67-8bd7-410d-9676-ef38cdccded6,DiffOperationEnum.delete,Fix1003Rule,ChangeTypeEnum.fix
424,961bad50-8f13-48ee-aaed-efc8d74c416f,cluster.dp.cpp,b4edfcc0-d9aa-497e-847e-f5fb8affc392,DiffOperationEnum.delete,Fix1003Rule,ChangeTypeEnum.fix
425,961bad50-8f13-48ee-aaed-efc8d74c416f,cluster.dp.cpp,8f98305e-049f-40e9-9470-c797feeaa487,DiffOperationEnum.delete,Fix1003Rule,ChangeTypeEnum.fix
426,961bad50-8f13-48ee-aaed-efc8d74c416f,cluster.dp.cpp,3f0133d6-e448-4cf1-98ea-9501b02c13c3,DiffOperationEnum.delete,Fix1003Rule,ChangeTypeEnum.fix
427,961bad50-8f13-48ee-aaed-efc8d74c416f,cluster.dp.cpp,c42372c4-52a5-4c1d-9c3d-32669b7b7e63,DiffOperationEnum.add,Fix1003Rule,ChangeTypeEnum.fix
428,08321825-1464-463d-83ec-50db71807686,cluster.dp.cpp,967d8052-8a3a-4b92-a76c-6d076d755907,DiffOperationEnum.delete,Fix1003Rule,ChangeTypeEnum.fix
429,08321825-1464-463d-83ec-50db71807686,cluster.dp.cpp,4fdf3923-fa97-4ddd-b347-660b1c33d7a3,DiffOperationEnum.delete,Fix1003Rule,ChangeTypeEnum.fix
430,08321825-1464-463d-83ec-50db71807686,cluster.dp.cpp,746475d0-4a02-49ef-ae78-70430f02186c,DiffOperationEnum.delete,Fix1003Rule,ChangeTypeEnum.fix
431,08321825-1464-463d-83ec-50db71807686,cluster.dp.cpp,bc471c76-daf0-4bb4-82de-8f119d3352a2,DiffOperationEnum.delete,Fix1003Rule,ChangeTypeEnum.fix
432,08321825-1464-463d-83ec-50db71807686,cluster.dp.cpp,d81d4126-901a-4a24-a665-32340cda479b,DiffOperationEnum.delete,Fix1003Rule,ChangeTypeEnum.fix
433,08321825-1464-463d-83ec-50db71807686,cluster.dp.cpp,6ea6b8c7-0d33-42ee-aa4c-13eb54297e05,DiffOperationEnum.delete,Fix1003Rule,ChangeTypeEnum.fix
434,08321825-1464-463d-83ec-50db71807686,cluster.dp.cpp,24b16b60-7cac-449b-9ecf-b62ac662da32,DiffOperationEnum.delete,Fix1003Rule,ChangeTypeEnum.fix
435,08321825-1464-463d-83ec-50db71807686,cluster.dp.cpp,2e77b778-2269-4d6e-a1bd-7538c764715d,DiffOperationEnum.delete,Fix1003Rule,ChangeTypeEnum.fix
436,08321825-1464-463d-83ec-50db71807686,cluster.dp.cpp,179319e3-89cc-4826-b412-5916056812c3,DiffOperationEnum.delete,Fix1003Rule,ChangeTypeEnum.fix
437,08321825-1464-463d-83ec-50db71807686,cluster.dp.cpp,0bebfab9-e797-47ed-960b-c08ff7ae6981,DiffOperationEnum.add,Fix1003Rule,ChangeTypeEnum.fix
438,b88b256a-e86c-4326-b3a6-9734f8d494a0,cluster.dp.cpp,51820b5c-729a-4794-baa5-8a85a75ecf4d,DiffOperationEnum.delete,Fix1003Rule,ChangeTypeEnum.fix
439,b88b256a-e86c-4326-b3a6-9734f8d494a0,cluster.dp.cpp,4c02f798-cb50-498f-800b-c3fb99ea573e,DiffOperationEnum.delete,Fix1003Rule,ChangeTypeEnum.fix
440,b88b256a-e86c-4326-b3a6-9734f8d494a0,cluster.dp.cpp,359caa74-0888-4069-8d2f-c78751e146bb,DiffOperationEnum.delete,Fix1003Rule,ChangeTypeEnum.fix
441,b88b256a-e86c-4326-b3a6-9734f8d494a0,cluster.dp.cpp,4b980324-2550-43d0-8959-d89ed4b5e4c5,DiffOperationEnum.delete,Fix1003Rule,ChangeTypeEnum.fix
442,b88b256a-e86c-4326-b3a6-9734f8d494a0,cluster.dp.cpp,7ca8668d-8620-4621-b9fd-c57bc6144472,DiffOperationEnum.delete,Fix1003Rule,ChangeTypeEnum.fix
443,b88b256a-e86c-4326-b3a6-9734f8d494a0,cluster.dp.cpp,5977c988-2b03-4a75-9925-cba3d3a58547,DiffOperationEnum.add,Fix1003Rule,ChangeTypeEnum.fix
444,a48e071b-db1a-445d-bb5a-5a6040bd6ae6,cluster.dp.cpp,784672f7-1bda-4405-90b6-2e7186b37de2,DiffOperationEnum.delete,Fix1003Rule,ChangeTypeEnum.fix
445,a48e071b-db1a-445d-bb5a-5a6040bd6ae6,cluster.dp.cpp,bbe93cf6-514a-4db1-b7c5-3e616ce7b275,DiffOperationEnum.delete,Fix1003Rule,ChangeTypeEnum.fix
446,a48e071b-db1a-445d-bb5a-5a6040bd6ae6,cluster.dp.cpp,50dc6943-3a9d-4ef1-b816-5b0075a50cd0,DiffOperationEnum.delete,Fix1003Rule,ChangeTypeEnum.fix
447,a48e071b-db1a-445d-bb5a-5a6040bd6ae6,cluster.dp.cpp,d1aa03f1-ae44-4864-91a0-37bb6e1c279d,DiffOperationEnum.delete,Fix1003Rule,ChangeTypeEnum.fix
448,a48e071b-db1a-445d-bb5a-5a6040bd6ae6,cluster.dp.cpp,9ed29f25-247c-4189-9a73-2dc334601b88,DiffOperationEnum.delete,Fix1003Rule,ChangeTypeEnum.fix
449,a48e071b-db1a-445d-bb5a-5a6040bd6ae6,cluster.dp.cpp,e5dce3ff-c5a3-460a-b3cd-e45d0069b6ff,DiffOperationEnum.add,Fix1003Rule,ChangeTypeEnum.fix
450,35002f07-5505-4a5d-8ee5-195fd1218c60,cluster.dp.cpp,ec80a940-b957-4c1e-be5a-4c557658b910,DiffOperationEnum.delete,Fix1003Rule,ChangeTypeEnum.fix
451,35002f07-5505-4a5d-8ee5-195fd1218c60,cluster.dp.cpp,f8bf54bb-7e2e-4166-9e51-d1cf80dc564f,DiffOperationEnum.delete,Fix1003Rule,ChangeTypeEnum.fix
452,35002f07-5505-4a5d-8ee5-195fd1218c60,cluster.dp.cpp,034bd8d6-51eb-49d3-8888-3beed2be7708,DiffOperationEnum.delete,Fix1003Rule,ChangeTypeEnum.fix
453,35002f07-5505-4a5d-8ee5-195fd1218c60,cluster.dp.cpp,f0e9a1c5-997c-4bb6-a889-fbf1f1b94bfe,DiffOperationEnum.delete,Fix1003Rule,ChangeTypeEnum.fix
454,35002f07-5505-4a5d-8ee5-195fd1218c60,cluster.dp.cpp,39fd08bb-4b7f-4ac7-b26d-f0b6f0d15e87,DiffOperationEnum.delete,Fix1003Rule,ChangeTypeEnum.fix
455,35002f07-5505-4a5d-8ee5-195fd1218c60,cluster.dp.cpp,c9a449fa-49db-4053-aee6-e45e24206bd1,DiffOperationEnum.add,Fix1003Rule,ChangeTypeEnum.fix
456,40c71529-336e-44a1-8194-488ca1996031,cluster.dp.cpp,5d702bb5-6ef5-44da-b1cd-167c28a56519,DiffOperationEnum.delete,Fix1003Rule,ChangeTypeEnum.fix
457,40c71529-336e-44a1-8194-488ca1996031,cluster.dp.cpp,bf58e0ba-be33-42f4-9f1d-3a37cd9a1e12,DiffOperationEnum.delete,Fix1003Rule,ChangeTypeEnum.fix
458,40c71529-336e-44a1-8194-488ca1996031,cluster.dp.cpp,e401f8d1-0f99-4be1-b646-a853b80661ab,DiffOperationEnum.delete,Fix1003Rule,ChangeTypeEnum.fix
459,40c71529-336e-44a1-8194-488ca1996031,cluster.dp.cpp,f7530b9b-3d48-45ba-9ce9-c9d4162213e5,DiffOperationEnum.delete,Fix1003Rule,ChangeTypeEnum.fix
460,40c71529-336e-44a1-8194-488ca1996031,cluster.dp.cpp,f7bc9b63-58f6-4bfe-ae45-311e047445ec,DiffOperationEnum.delete,Fix1003Rule,ChangeTypeEnum.fix
461,40c71529-336e-44a1-8194-488ca1996031,cluster.dp.cpp,c74a2ac4-57bb-412c-a862-812c84ab5617,DiffOperationEnum.add,Fix1003Rule,ChangeTypeEnum.fix
462,c0c5e4ab-df54-476e-896b-2d952aa81e70,main.dp.cpp,85d51b13-042e-4c43-907f-6956cef4bd84,DiffOperationEnum.delete,Fix1003Rule,ChangeTypeEnum.fix
463,c0c5e4ab-df54-476e-896b-2d952aa81e70,main.dp.cpp,ca15de5b-cf81-4813-8771-85ab4acb31f4,DiffOperationEnum.delete,Fix1003Rule,ChangeTypeEnum.fix
464,c0c5e4ab-df54-476e-896b-2d952aa81e70,main.dp.cpp,2234eca6-b6af-43bf-9e93-7d81c9fdb9e7,DiffOperationEnum.delete,Fix1003Rule,ChangeTypeEnum.fix
465,c0c5e4ab-df54-476e-896b-2d952aa81e70,main.dp.cpp,4e317023-6b64-45cb-85f3-4e490df8a725,DiffOperationEnum.delete,Fix1003Rule,ChangeTypeEnum.fix
466,c0c5e4ab-df54-476e-896b-2d952aa81e70,main.dp.cpp,72d66bc1-c6ca-4d5a-8bdd-18346d2a340a,DiffOperationEnum.delete,Fix1003Rule,ChangeTypeEnum.fix
467,c0c5e4ab-df54-476e-896b-2d952aa81e70,main.dp.cpp,3ec19541-630d-4fa3-94a9-c29e892fc652,DiffOperationEnum.add,Fix1003Rule,ChangeTypeEnum.fix
468,494b0666-f9eb-4a21-9736-1de235d09a39,main.dp.cpp,d6c6a257-89c1-4bf8-8a12-60188d1d706f,DiffOperationEnum.delete,Fix1003Rule,ChangeTypeEnum.fix
469,494b0666-f9eb-4a21-9736-1de235d09a39,main.dp.cpp,c955f377-1d1f-425c-873e-30f7551e8f54,DiffOperationEnum.delete,Fix1003Rule,ChangeTypeEnum.fix
470,494b0666-f9eb-4a21-9736-1de235d09a39,main.dp.cpp,6e947352-ef0b-4808-8315-05f40150bd4c,DiffOperationEnum.delete,Fix1003Rule,ChangeTypeEnum.fix
471,494b0666-f9eb-4a21-9736-1de235d09a39,main.dp.cpp,aebdb770-c697-475f-a092-a5dd55e39ac5,DiffOperationEnum.delete,Fix1003Rule,ChangeTypeEnum.fix
472,494b0666-f9eb-4a21-9736-1de235d09a39,main.dp.cpp,ec786ba2-ddd1-4ca8-876b-b97e19475eef,DiffOperationEnum.delete,Fix1003Rule,ChangeTypeEnum.fix
473,494b0666-f9eb-4a21-9736-1de235d09a39,main.dp.cpp,5020d496-d387-4e23-8afe-d1e49d711187,DiffOperationEnum.delete,Fix1003Rule,ChangeTypeEnum.fix
474,494b0666-f9eb-4a21-9736-1de235d09a39,main.dp.cpp,5ff05084-e7e8-4b37-8598-8739e9d53f28,DiffOperationEnum.add,Fix1003Rule,ChangeTypeEnum.fix
475,938bed51-72fb-48bc-808d-a719b730a7a6,main.dp.cpp,2530d004-b2c4-48d9-b4e1-e25666eb3e8e,DiffOperationEnum.delete,Fix1003Rule,ChangeTypeEnum.fix
476,938bed51-72fb-48bc-808d-a719b730a7a6,main.dp.cpp,1e8ea3c1-1ca0-4877-afb3-6eedc5e7ebc2,DiffOperationEnum.delete,Fix1003Rule,ChangeTypeEnum.fix
477,938bed51-72fb-48bc-808d-a719b730a7a6,main.dp.cpp,a40fc0d0-58e1-48d2-aff1-b8d70ff5f56c,DiffOperationEnum.delete,Fix1003Rule,ChangeTypeEnum.fix
478,938bed51-72fb-48bc-808d-a719b730a7a6,main.dp.cpp,4f495ee1-32dc-41a5-b688-e557643b9cad,DiffOperationEnum.delete,Fix1003Rule,ChangeTypeEnum.fix
479,938bed51-72fb-48bc-808d-a719b730a7a6,main.dp.cpp,552a74ab-6982-40c9-ae1f-1170a538f70d,DiffOperationEnum.delete,Fix1003Rule,ChangeTypeEnum.fix
480,938bed51-72fb-48bc-808d-a719b730a7a6,main.dp.cpp,33a030ea-e656-461d-8c3b-1e375ff4eb5a,DiffOperationEnum.delete,Fix1003Rule,ChangeTypeEnum.fix
481,938bed51-72fb-48bc-808d-a719b730a7a6,main.dp.cpp,a016959e-52aa-4601-9399-368718ea019f,DiffOperationEnum.delete,Fix1003Rule,ChangeTypeEnum.fix
482,938bed51-72fb-48bc-808d-a719b730a7a6,main.dp.cpp,056d6032-6bb9-4350-aec3-b2743c834a99,DiffOperationEnum.add,Fix1003Rule,ChangeTypeEnum.fix
483,b9c03e44-7506-45d4-8a8e-f5eff0755163,main.dp.cpp,c75da76b-b28f-4259-84be-659b3489692d,DiffOperationEnum.delete,Fix1003Rule,ChangeTypeEnum.fix
484,b9c03e44-7506-45d4-8a8e-f5eff0755163,main.dp.cpp,e35c81f9-6602-409f-9ab1-2a9373ce52bb,DiffOperationEnum.delete,Fix1003Rule,ChangeTypeEnum.fix
485,b9c03e44-7506-45d4-8a8e-f5eff0755163,main.dp.cpp,b9fa3fbc-838c-4fda-95d2-c46ff6b1e310,DiffOperationEnum.delete,Fix1003Rule,ChangeTypeEnum.fix
486,b9c03e44-7506-45d4-8a8e-f5eff0755163,main.dp.cpp,aa19944f-086d-4ce9-a6db-b3229d7563bd,DiffOperationEnum.delete,Fix1003Rule,ChangeTypeEnum.fix
487,b9c03e44-7506-45d4-8a8e-f5eff0755163,main.dp.cpp,c5a16006-55c8-481f-992e-fef355b29109,DiffOperationEnum.delete,Fix1003Rule,ChangeTypeEnum.fix
488,b9c03e44-7506-45d4-8a8e-f5eff0755163,main.dp.cpp,20632332-9b2e-47ed-8516-802a0d9c24c6,DiffOperationEnum.delete,Fix1003Rule,ChangeTypeEnum.fix
489,b9c03e44-7506-45d4-8a8e-f5eff0755163,main.dp.cpp,e562c9ba-256d-4385-80f7-189755b32492,DiffOperationEnum.delete,Fix1003Rule,ChangeTypeEnum.fix
490,b9c03e44-7506-45d4-8a8e-f5eff0755163,main.dp.cpp,409f74f4-d69f-4e40-bf64-5d39aa178fa4,DiffOperationEnum.add,Fix1003Rule,ChangeTypeEnum.fix
491,3eb111fd-c2fc-48fc-b81a-3f83e88b40a4,main.dp.cpp,d3c9675b-9dc8-42e8-b114-d9f5a2fbc988,DiffOperationEnum.delete,Fix1003Rule,ChangeTypeEnum.fix
492,3eb111fd-c2fc-48fc-b81a-3f83e88b40a4,main.dp.cpp,7beb8a8b-6e34-43fe-871e-0cb56024a76f,DiffOperationEnum.delete,Fix1003Rule,ChangeTypeEnum.fix
493,3eb111fd-c2fc-48fc-b81a-3f83e88b40a4,main.dp.cpp,c9f2e348-067d-4b5e-b092-f7c36c7d0a3d,DiffOperationEnum.delete,Fix1003Rule,ChangeTypeEnum.fix
494,3eb111fd-c2fc-48fc-b81a-3f83e88b40a4,main.dp.cpp,a8280b3c-56d4-4475-8970-89f58c5d02ef,DiffOperationEnum.delete,Fix1003Rule,ChangeTypeEnum.fix
495,3eb111fd-c2fc-48fc-b81a-3f83e88b40a4,main.dp.cpp,9cef33aa-5f33-4ee5-8571-35a778ccdc1b,DiffOperationEnum.delete,Fix1003Rule,ChangeTypeEnum.fix
496,3eb111fd-c2fc-48fc-b81a-3f83e88b40a4,main.dp.cpp,e638bb99-c106-41e7-b103-d431c3771539,DiffOperationEnum.delete,Fix1003Rule,ChangeTypeEnum.fix
497,3eb111fd-c2fc-48fc-b81a-3f83e88b40a4,main.dp.cpp,0e1b2aba-469c-4f58-b516-73265ef1dd8d,DiffOperationEnum.delete,Fix1003Rule,ChangeTypeEnum.fix
498,3eb111fd-c2fc-48fc-b81a-3f83e88b40a4,main.dp.cpp,bacef0dd-8deb-4617-94b4-dcfafd4d25cb,DiffOperationEnum.delete,Fix1003Rule,ChangeTypeEnum.fix
499,3eb111fd-c2fc-48fc-b81a-3f83e88b40a4,main.dp.cpp,5bde8609-777a-48de-821c-965c8af78071,DiffOperationEnum.delete,Fix1003Rule,ChangeTypeEnum.fix
500,3eb111fd-c2fc-48fc-b81a-3f83e88b40a4,main.dp.cpp,56e2520b-5aff-446a-bc99-97a3385c2e94,DiffOperationEnum.add,Fix1003Rule,ChangeTypeEnum.fix
501,fc40b4c8-8f59-416b-923b-385c7e4d7329,main.dp.cpp,5bebb56a-bb4c-4c0f-9645-3860f9fe9fd1,DiffOperationEnum.delete,Fix1003Rule,ChangeTypeEnum.fix
502,fc40b4c8-8f59-416b-923b-385c7e4d7329,main.dp.cpp,42a4cd91-f791-45cc-a066-e3b0c26f2cf1,DiffOperationEnum.delete,Fix1003Rule,ChangeTypeEnum.fix
503,fc40b4c8-8f59-416b-923b-385c7e4d7329,main.dp.cpp,823bc564-cf58-464d-943f-11e91d8fe73a,DiffOperationEnum.delete,Fix1003Rule,ChangeTypeEnum.fix
504,fc40b4c8-8f59-416b-923b-385c7e4d7329,main.dp.cpp,56b0145c-c5e8-45fe-bce3-1c43004e3d9b,DiffOperationEnum.delete,Fix1003Rule,ChangeTypeEnum.fix
505,fc40b4c8-8f59-416b-923b-385c7e4d7329,main.dp.cpp,528c3868-3af2-4b2b-8acb-1fee5868fbc7,DiffOperationEnum.delete,Fix1003Rule,ChangeTypeEnum.fix
506,fc40b4c8-8f59-416b-923b-385c7e4d7329,main.dp.cpp,cdd3534a-609b-46d0-a3b6-7881ccf68d66,DiffOperationEnum.delete,Fix1003Rule,ChangeTypeEnum.fix
507,fc40b4c8-8f59-416b-923b-385c7e4d7329,main.dp.cpp,ca193ba1-f76d-41ca-a112-bcd49f314958,DiffOperationEnum.delete,Fix1003Rule,ChangeTypeEnum.fix
508,fc40b4c8-8f59-416b-923b-385c7e4d7329,main.dp.cpp,8fef74e0-9fdf-421d-ad94-ded20b3f7c7c,DiffOperationEnum.add,Fix1003Rule,ChangeTypeEnum.fix
509,9c9da4c5-5967-4a8c-9912-1f67bc91b170,main.dp.cpp,352c9902-106f-4ce8-8edb-dfc4e5c4b5cf,DiffOperationEnum.delete,Fix1003Rule,ChangeTypeEnum.fix
510,9c9da4c5-5967-4a8c-9912-1f67bc91b170,main.dp.cpp,5b1100ba-384c-4f24-92c6-b1f8b8cfaf29,DiffOperationEnum.delete,Fix1003Rule,ChangeTypeEnum.fix
511,9c9da4c5-5967-4a8c-9912-1f67bc91b170,main.dp.cpp,d5c34e86-09ee-4269-a397-935668e1bc22,DiffOperationEnum.delete,Fix1003Rule,ChangeTypeEnum.fix
512,9c9da4c5-5967-4a8c-9912-1f67bc91b170,main.dp.cpp,8cbcb043-c691-4322-a513-6ebd6c281e10,DiffOperationEnum.delete,Fix1003Rule,ChangeTypeEnum.fix
513,9c9da4c5-5967-4a8c-9912-1f67bc91b170,main.dp.cpp,edf8e087-4b00-4adb-b8d1-00abe2081313,DiffOperationEnum.delete,Fix1003Rule,ChangeTypeEnum.fix
514,9c9da4c5-5967-4a8c-9912-1f67bc91b170,main.dp.cpp,0925c7e4-dee5-4e1b-8991-e919d02d74fc,DiffOperationEnum.delete,Fix1003Rule,ChangeTypeEnum.fix
515,9c9da4c5-5967-4a8c-9912-1f67bc91b170,main.dp.cpp,439d84a3-efb5-4df3-9dc4-a5ca6b26f630,DiffOperationEnum.delete,Fix1003Rule,ChangeTypeEnum.fix
516,9c9da4c5-5967-4a8c-9912-1f67bc91b170,main.dp.cpp,9dd4a9f4-c929-4d47-958e-4aac8d80c63a,DiffOperationEnum.add,Fix1003Rule,ChangeTypeEnum.fix
517,3f77f502-45cf-4e8e-ae5f-07c96d0ffd89,main.dp.cpp,7b570583-49bc-45f0-9a7b-5f93c6b5effe,DiffOperationEnum.delete,Fix1003Rule,ChangeTypeEnum.fix
518,3f77f502-45cf-4e8e-ae5f-07c96d0ffd89,main.dp.cpp,79613dea-2024-45fe-bab0-7c44d2450c63,DiffOperationEnum.delete,Fix1003Rule,ChangeTypeEnum.fix
519,3f77f502-45cf-4e8e-ae5f-07c96d0ffd89,main.dp.cpp,5afdeee8-d118-4e38-9893-cba419ccea8c,DiffOperationEnum.delete,Fix1003Rule,ChangeTypeEnum.fix
520,3f77f502-45cf-4e8e-ae5f-07c96d0ffd89,main.dp.cpp,ef121de8-9fdd-4e64-b219-55ef90e0a448,DiffOperationEnum.delete,Fix1003Rule,ChangeTypeEnum.fix
521,3f77f502-45cf-4e8e-ae5f-07c96d0ffd89,main.dp.cpp,8408fe85-b32d-4fe8-a8a9-54bfa53c5f45,DiffOperationEnum.delete,Fix1003Rule,ChangeTypeEnum.fix
522,3f77f502-45cf-4e8e-ae5f-07c96d0ffd89,main.dp.cpp,9076aea4-461e-4414-b253-bcb8a26c8a27,DiffOperationEnum.delete,Fix1003Rule,ChangeTypeEnum.fix
523,3f77f502-45cf-4e8e-ae5f-07c96d0ffd89,main.dp.cpp,5fc29a5d-e966-4a7a-8c65-93d0c52ca4a6,DiffOperationEnum.delete,Fix1003Rule,ChangeTypeEnum.fix
524,3f77f502-45cf-4e8e-ae5f-07c96d0ffd89,main.dp.cpp,4aa621a8-c4ef-4c4c-8fe4-635d818c5c5c,DiffOperationEnum.delete,Fix1003Rule,ChangeTypeEnum.fix
525,3f77f502-45cf-4e8e-ae5f-07c96d0ffd89,main.dp.cpp,acf061f0-ede6-4c43-86d9-ba671b560370,DiffOperationEnum.delete,Fix1003Rule,ChangeTypeEnum.fix
526,3f77f502-45cf-4e8e-ae5f-07c96d0ffd89,main.dp.cpp,87f38b23-5656-4e0f-8ecf-e34bfba78752,DiffOperationEnum.add,Fix1003Rule,ChangeTypeEnum.fix
527,1056fae7-ae5f-459b-a532-96ce279e2261,kernel_wrapper2.dp.cpp,88330eb0-cae8-4b32-9b77-c0bbb95daeea,DiffOperationEnum.delete,Fix1049Rule,ChangeTypeEnum.fix
528,1056fae7-ae5f-459b-a532-96ce279e2261,kernel_wrapper2.dp.cpp,86a88f3b-810c-4d64-9ca3-555636469f9e,DiffOperationEnum.delete,Fix1049Rule,ChangeTypeEnum.fix
529,1056fae7-ae5f-459b-a532-96ce279e2261,kernel_wrapper2.dp.cpp,3f1e9ee2-41ec-448e-8d62-16411f852923,DiffOperationEnum.delete,Fix1049Rule,ChangeTypeEnum.fix
530,1056fae7-ae5f-459b-a532-96ce279e2261,kernel_wrapper2.dp.cpp,c7f635f6-cd26-424f-839d-fc214e84bafb,DiffOperationEnum.delete,Fix1049Rule,ChangeTypeEnum.fix
531,1056fae7-ae5f-459b-a532-96ce279e2261,kernel_wrapper2.dp.cpp,c0202ba4-6265-47ae-9569-8c9889bc5569,DiffOperationEnum.delete,Fix1049Rule,ChangeTypeEnum.fix
532,1056fae7-ae5f-459b-a532-96ce279e2261,kernel_wrapper2.dp.cpp,8228391f-97a9-497f-85b2-9cf3c9459d58,DiffOperationEnum.delete,Fix1049Rule,ChangeTypeEnum.fix
533,1056fae7-ae5f-459b-a532-96ce279e2261,kernel_wrapper2.dp.cpp,a10692dc-3a5e-431c-b2d0-50b4bef9e7a9,DiffOperationEnum.delete,Fix1049Rule,ChangeTypeEnum.fix
534,1056fae7-ae5f-459b-a532-96ce279e2261,kernel_wrapper2.dp.cpp,cb6edb16-7e05-4a1f-8c4b-f8b2c6ce948a,DiffOperationEnum.delete,Fix1049Rule,ChangeTypeEnum.fix
535,1056fae7-ae5f-459b-a532-96ce279e2261,kernel_wrapper2.dp.cpp,9fa147ce-3965-4fab-91b0-cf3529e8db44,DiffOperationEnum.add,Fix1049Rule,ChangeTypeEnum.fix
536,1056fae7-ae5f-459b-a532-96ce279e2261,kernel_wrapper2.dp.cpp,98edc13a-c066-4ddd-bf42-b572d2aae2d8,DiffOperationEnum.add,Fix1049Rule,ChangeTypeEnum.fix
537,1056fae7-ae5f-459b-a532-96ce279e2261,kernel_wrapper2.dp.cpp,9c3442d5-355a-4c25-ac4f-ec238ca7013a,DiffOperationEnum.add,Fix1049Rule,ChangeTypeEnum.fix
538,1056fae7-ae5f-459b-a532-96ce279e2261,kernel_wrapper2.dp.cpp,72c166de-5073-4291-ac40-f61bf790ac45,DiffOperationEnum.add,Fix1049Rule,ChangeTypeEnum.fix
539,1056fae7-ae5f-459b-a532-96ce279e2261,kernel_wrapper2.dp.cpp,251cdf9e-9171-4948-967d-f95172094ba3,DiffOperationEnum.add,Fix1049Rule,ChangeTypeEnum.fix
540,1056fae7-ae5f-459b-a532-96ce279e2261,kernel_wrapper2.dp.cpp,2ff65660-a2e1-435e-a6c6-ed39b7864630,DiffOperationEnum.add,Fix1049Rule,ChangeTypeEnum.fix
541,1056fae7-ae5f-459b-a532-96ce279e2261,kernel_wrapper2.dp.cpp,868a859a-3ed1-4adf-911d-55f93624fe76,DiffOperationEnum.add,Fix1049Rule,ChangeTypeEnum.fix
542,1056fae7-ae5f-459b-a532-96ce279e2261,kernel_wrapper2.dp.cpp,101220f6-cb7d-4f88-b8d3-1301b2e5da0c,DiffOperationEnum.add,Fix1049Rule,ChangeTypeEnum.fix
543,1056fae7-ae5f-459b-a532-96ce279e2261,kernel_wrapper2.dp.cpp,6c7b2348-cd79-401b-825f-f3913640b1a2,DiffOperationEnum.add,Fix1049Rule,ChangeTypeEnum.fix
544,22734588-fe33-4a17-ba1e-1a5a0e06c70b,chi2.dp.cpp,e11e7478-774f-462a-8131-7faa906abaf8,DiffOperationEnum.delete,Fix1049Rule,ChangeTypeEnum.fix
545,22734588-fe33-4a17-ba1e-1a5a0e06c70b,chi2.dp.cpp,082a4904-644c-4b57-ade7-45405d2994e7,DiffOperationEnum.delete,Fix1049Rule,ChangeTypeEnum.fix
546,22734588-fe33-4a17-ba1e-1a5a0e06c70b,chi2.dp.cpp,8fcc5bc8-fd31-4813-87cd-70b058c5ecee,DiffOperationEnum.delete,Fix1049Rule,ChangeTypeEnum.fix
547,22734588-fe33-4a17-ba1e-1a5a0e06c70b,chi2.dp.cpp,3e9ae077-de80-4694-8982-382a1f0200ff,DiffOperationEnum.delete,Fix1049Rule,ChangeTypeEnum.fix
548,22734588-fe33-4a17-ba1e-1a5a0e06c70b,chi2.dp.cpp,42cd9ac1-bb1a-408c-bdc6-bea56991c283,DiffOperationEnum.delete,Fix1049Rule,ChangeTypeEnum.fix
549,22734588-fe33-4a17-ba1e-1a5a0e06c70b,chi2.dp.cpp,cfb0dd96-0829-4cca-a9af-8c2d38612a50,DiffOperationEnum.delete,Fix1049Rule,ChangeTypeEnum.fix
550,22734588-fe33-4a17-ba1e-1a5a0e06c70b,chi2.dp.cpp,a42a19db-5817-4a0a-a077-91aa21855f1e,DiffOperationEnum.delete,Fix1049Rule,ChangeTypeEnum.fix
551,22734588-fe33-4a17-ba1e-1a5a0e06c70b,chi2.dp.cpp,bbca669e-2ec5-4b8b-94e1-3adc47fc0033,DiffOperationEnum.delete,Fix1049Rule,ChangeTypeEnum.fix
552,22734588-fe33-4a17-ba1e-1a5a0e06c70b,chi2.dp.cpp,cadd7c04-fda8-44d0-9bab-3457fb8e9465,DiffOperationEnum.add,Fix1049Rule,ChangeTypeEnum.fix
553,22734588-fe33-4a17-ba1e-1a5a0e06c70b,chi2.dp.cpp,e412f573-8434-4586-9f6c-cf6d325116ce,DiffOperationEnum.add,Fix1049Rule,ChangeTypeEnum.fix
554,22734588-fe33-4a17-ba1e-1a5a0e06c70b,chi2.dp.cpp,7b330b4c-0e06-4574-be26-49883ce58ae3,DiffOperationEnum.add,Fix1049Rule,ChangeTypeEnum.fix
555,22734588-fe33-4a17-ba1e-1a5a0e06c70b,chi2.dp.cpp,d35f0b6f-3fab-46d8-a69a-6119aabbdeee,DiffOperationEnum.add,Fix1049Rule,ChangeTypeEnum.fix
556,22734588-fe33-4a17-ba1e-1a5a0e06c70b,chi2.dp.cpp,b3ba72d4-4d12-4fea-ac83-037cf9abea68,DiffOperationEnum.add,Fix1049Rule,ChangeTypeEnum.fix
557,22734588-fe33-4a17-ba1e-1a5a0e06c70b,chi2.dp.cpp,1aea5c85-dcba-44d4-be58-51d23637f664,DiffOperationEnum.add,Fix1049Rule,ChangeTypeEnum.fix
558,22734588-fe33-4a17-ba1e-1a5a0e06c70b,chi2.dp.cpp,56d711f4-3aec-42e7-a402-18ee20145785,DiffOperationEnum.add,Fix1049Rule,ChangeTypeEnum.fix
559,22734588-fe33-4a17-ba1e-1a5a0e06c70b,chi2.dp.cpp,f7f5e272-436a-4e99-a1f5-f8eb1fa0d50f,DiffOperationEnum.add,Fix1049Rule,ChangeTypeEnum.fix
560,22734588-fe33-4a17-ba1e-1a5a0e06c70b,chi2.dp.cpp,2f59ffd9-89a4-4a55-9223-49d51fade904,DiffOperationEnum.add,Fix1049Rule,ChangeTypeEnum.fix
561,5bf2787e-873b-403c-9530-34a46decc9d9,cluster.dp.cpp,b736ebad-46fd-425b-bc38-db909b1cba27,DiffOperationEnum.delete,Fix1049Rule,ChangeTypeEnum.fix
562,5bf2787e-873b-403c-9530-34a46decc9d9,cluster.dp.cpp,09a54219-437c-46d6-97e7-636707b3ed1b,DiffOperationEnum.delete,Fix1049Rule,ChangeTypeEnum.fix
563,5bf2787e-873b-403c-9530-34a46decc9d9,cluster.dp.cpp,f4b56d21-518b-430e-9dc5-803c561c2a83,DiffOperationEnum.delete,Fix1049Rule,ChangeTypeEnum.fix
564,5bf2787e-873b-403c-9530-34a46decc9d9,cluster.dp.cpp,86048dd0-1e85-40bf-ac5c-13db54acc397,DiffOperationEnum.delete,Fix1049Rule,ChangeTypeEnum.fix
565,5bf2787e-873b-403c-9530-34a46decc9d9,cluster.dp.cpp,90d1c8b9-31ee-4099-9761-41202f72132c,DiffOperationEnum.delete,Fix1049Rule,ChangeTypeEnum.fix
566,5bf2787e-873b-403c-9530-34a46decc9d9,cluster.dp.cpp,af221f78-dfc6-4d9e-b8b4-519e9f5c69dd,DiffOperationEnum.delete,Fix1049Rule,ChangeTypeEnum.fix
567,5bf2787e-873b-403c-9530-34a46decc9d9,cluster.dp.cpp,40e4cb31-d07b-4bcf-996b-eb7ccf944fef,DiffOperationEnum.add,Fix1049Rule,ChangeTypeEnum.fix
568,5bf2787e-873b-403c-9530-34a46decc9d9,cluster.dp.cpp,e60e0d84-912f-40f7-8c91-77e9e35bca2e,DiffOperationEnum.add,Fix1049Rule,ChangeTypeEnum.fix
569,5bf2787e-873b-403c-9530-34a46decc9d9,cluster.dp.cpp,3cb07aa3-905b-4ab1-b79f-e2b9589cf3e7,DiffOperationEnum.add,Fix1049Rule,ChangeTypeEnum.fix
570,5bf2787e-873b-403c-9530-34a46decc9d9,cluster.dp.cpp,89ba8b7c-8c10-4f95-9443-676c5c7342ad,DiffOperationEnum.add,Fix1049Rule,ChangeTypeEnum.fix
571,5bf2787e-873b-403c-9530-34a46decc9d9,cluster.dp.cpp,4e069bd7-a3c0-477a-88ce-d88c45632e62,DiffOperationEnum.add,Fix1049Rule,ChangeTypeEnum.fix
572,5bf2787e-873b-403c-9530-34a46decc9d9,cluster.dp.cpp,0e9ca990-0d52-4e8b-b2a1-50f42655131b,DiffOperationEnum.add,Fix1049Rule,ChangeTypeEnum.fix
573,5bf2787e-873b-403c-9530-34a46decc9d9,cluster.dp.cpp,0823449c-a70c-462d-a9ab-86dc8c7862fe,DiffOperationEnum.add,Fix1049Rule,ChangeTypeEnum.fix
574,5bf2787e-873b-403c-9530-34a46decc9d9,cluster.dp.cpp,dd6b0f90-fae7-41a2-9b00-e3fdc223a5f0,DiffOperationEnum.add,Fix1049Rule,ChangeTypeEnum.fix
575,5bf2787e-873b-403c-9530-34a46decc9d9,cluster.dp.cpp,c26a144c-1c12-4b82-8560-c54363311cf9,DiffOperationEnum.add,Fix1049Rule,ChangeTypeEnum.fix
576,20e19ff2-9884-4e15-b5b4-3c22241e5038,cluster.dp.cpp,f02cb5c2-8348-4d2f-b086-706a695c64f2,DiffOperationEnum.delete,Fix1049Rule,ChangeTypeEnum.fix
577,20e19ff2-9884-4e15-b5b4-3c22241e5038,cluster.dp.cpp,4763fea4-95e8-41b5-afc8-1e193a1cdb0d,DiffOperationEnum.delete,Fix1049Rule,ChangeTypeEnum.fix
578,20e19ff2-9884-4e15-b5b4-3c22241e5038,cluster.dp.cpp,8ef67d1d-8e7e-4be7-a167-deb7f0686b16,DiffOperationEnum.delete,Fix1049Rule,ChangeTypeEnum.fix
579,20e19ff2-9884-4e15-b5b4-3c22241e5038,cluster.dp.cpp,48283e1d-7635-4709-bd25-4019dcdb6e38,DiffOperationEnum.delete,Fix1049Rule,ChangeTypeEnum.fix
580,20e19ff2-9884-4e15-b5b4-3c22241e5038,cluster.dp.cpp,cb33c929-e516-45a6-ae81-cf62f7ea6410,DiffOperationEnum.delete,Fix1049Rule,ChangeTypeEnum.fix
581,20e19ff2-9884-4e15-b5b4-3c22241e5038,cluster.dp.cpp,43e0a3d1-ea08-43d7-b0cd-f8bf41fa9229,DiffOperationEnum.delete,Fix1049Rule,ChangeTypeEnum.fix
582,20e19ff2-9884-4e15-b5b4-3c22241e5038,cluster.dp.cpp,3c192662-0192-4910-b1ad-9f8c9d080d0d,DiffOperationEnum.add,Fix1049Rule,ChangeTypeEnum.fix
583,20e19ff2-9884-4e15-b5b4-3c22241e5038,cluster.dp.cpp,2c22ab67-36ce-45f7-a364-a3e4b23e8f7b,DiffOperationEnum.add,Fix1049Rule,ChangeTypeEnum.fix
584,20e19ff2-9884-4e15-b5b4-3c22241e5038,cluster.dp.cpp,65ec5bc4-5f68-4202-b585-9be935a7a81c,DiffOperationEnum.add,Fix1049Rule,ChangeTypeEnum.fix
585,20e19ff2-9884-4e15-b5b4-3c22241e5038,cluster.dp.cpp,203094db-a7c6-41af-bdec-7540ab4c036b,DiffOperationEnum.add,Fix1049Rule,ChangeTypeEnum.fix
586,20e19ff2-9884-4e15-b5b4-3c22241e5038,cluster.dp.cpp,d926c823-1274-4205-9f15-a6098f16ad4d,DiffOperationEnum.add,Fix1049Rule,ChangeTypeEnum.fix
587,20e19ff2-9884-4e15-b5b4-3c22241e5038,cluster.dp.cpp,a8f386e5-7a19-4bda-a414-042adcdedb34,DiffOperationEnum.add,Fix1049Rule,ChangeTypeEnum.fix
588,20e19ff2-9884-4e15-b5b4-3c22241e5038,cluster.dp.cpp,9f8cdd9f-beee-40b0-a33e-4b716d92c1ec,DiffOperationEnum.add,Fix1049Rule,ChangeTypeEnum.fix
589,20e19ff2-9884-4e15-b5b4-3c22241e5038,cluster.dp.cpp,d0457f87-4e4a-49b4-a5ea-c6c8c98137c1,DiffOperationEnum.add,Fix1049Rule,ChangeTypeEnum.fix
590,20e19ff2-9884-4e15-b5b4-3c22241e5038,cluster.dp.cpp,637b918b-5e96-4cd2-a441-a425dcd7332f,DiffOperationEnum.add,Fix1049Rule,ChangeTypeEnum.fix
591,5f9f69d2-94a8-4974-9a55-28e9acadb47f,main.dp.cpp,8f8b9538-6c45-42dd-b07b-35beb99bd254,DiffOperationEnum.delete,Fix1049Rule,ChangeTypeEnum.fix
592,5f9f69d2-94a8-4974-9a55-28e9acadb47f,main.dp.cpp,58498755-94b2-4178-b759-7f40e15aa3cb,DiffOperationEnum.delete,Fix1049Rule,ChangeTypeEnum.fix
593,5f9f69d2-94a8-4974-9a55-28e9acadb47f,main.dp.cpp,d4f25918-17b3-468b-8c8a-d78f1e4842fa,DiffOperationEnum.delete,Fix1049Rule,ChangeTypeEnum.fix
594,5f9f69d2-94a8-4974-9a55-28e9acadb47f,main.dp.cpp,62c922f5-589b-4288-9270-cfe6c1d3008f,DiffOperationEnum.delete,Fix1049Rule,ChangeTypeEnum.fix
595,5f9f69d2-94a8-4974-9a55-28e9acadb47f,main.dp.cpp,900aaaca-33b0-49ca-bcdf-3c4e3362f980,DiffOperationEnum.delete,Fix1049Rule,ChangeTypeEnum.fix
596,5f9f69d2-94a8-4974-9a55-28e9acadb47f,main.dp.cpp,bbda804a-eb51-43aa-aa2e-29b343f3b479,DiffOperationEnum.delete,Fix1049Rule,ChangeTypeEnum.fix
597,5f9f69d2-94a8-4974-9a55-28e9acadb47f,main.dp.cpp,c8f3605c-ad3c-4507-a7b4-ac7e85f770bc,DiffOperationEnum.add,Fix1049Rule,ChangeTypeEnum.fix
598,5f9f69d2-94a8-4974-9a55-28e9acadb47f,main.dp.cpp,56ac23c9-4c6d-4ecc-bef3-4604ea8e59f1,DiffOperationEnum.add,Fix1049Rule,ChangeTypeEnum.fix
599,5f9f69d2-94a8-4974-9a55-28e9acadb47f,main.dp.cpp,890be006-56c7-41e7-87cc-e49292d97833,DiffOperationEnum.add,Fix1049Rule,ChangeTypeEnum.fix
600,5f9f69d2-94a8-4974-9a55-28e9acadb47f,main.dp.cpp,45be6cc0-afe8-431f-b3a6-9b73dd4e0fc4,DiffOperationEnum.add,Fix1049Rule,ChangeTypeEnum.fix
601,5f9f69d2-94a8-4974-9a55-28e9acadb47f,main.dp.cpp,bba8d04c-b90e-4d95-935c-53bffc7b017c,DiffOperationEnum.add,Fix1049Rule,ChangeTypeEnum.fix
602,5f9f69d2-94a8-4974-9a55-28e9acadb47f,main.dp.cpp,d04f334a-c9cd-4b44-babc-ca0d052a17ff,DiffOperationEnum.add,Fix1049Rule,ChangeTypeEnum.fix
603,5f9f69d2-94a8-4974-9a55-28e9acadb47f,main.dp.cpp,92c7f273-0429-4442-8d6c-c86e91643961,DiffOperationEnum.add,Fix1049Rule,ChangeTypeEnum.fix
604,5f9f69d2-94a8-4974-9a55-28e9acadb47f,main.dp.cpp,e4e34aeb-9295-45f2-adee-4b6d8f2b37cf,DiffOperationEnum.add,Fix1049Rule,ChangeTypeEnum.fix
605,5f9f69d2-94a8-4974-9a55-28e9acadb47f,main.dp.cpp,a2b99674-36a4-422c-b26c-1cdcd04121f1,DiffOperationEnum.add,Fix1049Rule,ChangeTypeEnum.fix
606,6dd5f938-39e5-4308-8778-175932128480,main.dp.cpp,7f8b9c2c-6186-4d22-a9d5-aa8a154cd20e,DiffOperationEnum.delete,Fix1049Rule,ChangeTypeEnum.fix
607,6dd5f938-39e5-4308-8778-175932128480,main.dp.cpp,a5b139bf-ac8b-4dca-9497-a945a2fe554f,DiffOperationEnum.delete,Fix1049Rule,ChangeTypeEnum.fix
608,6dd5f938-39e5-4308-8778-175932128480,main.dp.cpp,302294ca-36dc-4a4f-bc6d-83a1188b1c4b,DiffOperationEnum.delete,Fix1049Rule,ChangeTypeEnum.fix
609,6dd5f938-39e5-4308-8778-175932128480,main.dp.cpp,44d39ebd-f256-40af-af74-f2926b0acf4f,DiffOperationEnum.delete,Fix1049Rule,ChangeTypeEnum.fix
610,6dd5f938-39e5-4308-8778-175932128480,main.dp.cpp,2cf3bda5-27ea-4297-b7e7-ad9193e789f6,DiffOperationEnum.delete,Fix1049Rule,ChangeTypeEnum.fix
611,6dd5f938-39e5-4308-8778-175932128480,main.dp.cpp,c518cdca-0e96-4973-a8ee-b14513ed4ad1,DiffOperationEnum.delete,Fix1049Rule,ChangeTypeEnum.fix
612,6dd5f938-39e5-4308-8778-175932128480,main.dp.cpp,04922637-fe34-42f4-84e4-e5f4f53c105e,DiffOperationEnum.add,Fix1049Rule,ChangeTypeEnum.fix
613,6dd5f938-39e5-4308-8778-175932128480,main.dp.cpp,2a85e271-1120-4969-add0-073d391b438b,DiffOperationEnum.add,Fix1049Rule,ChangeTypeEnum.fix
614,6dd5f938-39e5-4308-8778-175932128480,main.dp.cpp,d869226c-0135-4cf2-8a88-8e35b6791ca0,DiffOperationEnum.add,Fix1049Rule,ChangeTypeEnum.fix
615,6dd5f938-39e5-4308-8778-175932128480,main.dp.cpp,17969d8f-43e5-48ba-9afd-7fa1c8252c31,DiffOperationEnum.add,Fix1049Rule,ChangeTypeEnum.fix
616,6dd5f938-39e5-4308-8778-175932128480,main.dp.cpp,b6b92246-e901-4d73-b030-cd53d6c27d66,DiffOperationEnum.add,Fix1049Rule,ChangeTypeEnum.fix
617,6dd5f938-39e5-4308-8778-175932128480,main.dp.cpp,299a4af4-d4f5-4e37-8bc6-3fbf13dba7ef,DiffOperationEnum.add,Fix1049Rule,ChangeTypeEnum.fix
618,6dd5f938-39e5-4308-8778-175932128480,main.dp.cpp,c9b543bc-b391-4a2a-a171-bd01de382d10,DiffOperationEnum.add,Fix1049Rule,ChangeTypeEnum.fix
619,6dd5f938-39e5-4308-8778-175932128480,main.dp.cpp,fbe6f7e6-fbdc-437a-9edf-ffb5ad1cf585,DiffOperationEnum.add,Fix1049Rule,ChangeTypeEnum.fix
620,6dd5f938-39e5-4308-8778-175932128480,main.dp.cpp,83a7fcff-7ab2-4f76-a98e-cacdd387a9c4,DiffOperationEnum.add,Fix1049Rule,ChangeTypeEnum.fix
621,6f8a39a1-e17e-46e5-b8d4-c93e2957cb5b,kernel_wrapper2.dp.cpp,f532f403-2cbd-49f8-aefa-662089cce91e,DiffOperationEnum.delete,AddCommentsRule,ChangeTypeEnum.recommendation
622,6f8a39a1-e17e-46e5-b8d4-c93e2957cb5b,kernel_wrapper2.dp.cpp,44e3becd-115c-41e1-9693-536f79f42daa,DiffOperationEnum.delete,AddCommentsRule,ChangeTypeEnum.recommendation
623,6f8a39a1-e17e-46e5-b8d4-c93e2957cb5b,kernel_wrapper2.dp.cpp,932e6e48-7d0b-43ca-8e2b-6eded0be6051,DiffOperationEnum.delete,AddCommentsRule,ChangeTypeEnum.recommendation
624,6f8a39a1-e17e-46e5-b8d4-c93e2957cb5b,kernel_wrapper2.dp.cpp,5da0445a-bf2f-45e7-9064-d14866dab961,DiffOperationEnum.delete,AddCommentsRule,ChangeTypeEnum.recommendation
625,6f8a39a1-e17e-46e5-b8d4-c93e2957cb5b,kernel_wrapper2.dp.cpp,995ec8ae-f161-485c-a326-6836fdc40830,DiffOperationEnum.delete,AddCommentsRule,ChangeTypeEnum.recommendation
626,6f8a39a1-e17e-46e5-b8d4-c93e2957cb5b,kernel_wrapper2.dp.cpp,28cbb01d-2407-4be5-9dab-472573b12a1f,DiffOperationEnum.add,AddCommentsRule,ChangeTypeEnum.recommendation
627,d9bb2e91-58d8-46c8-adec-ac316cf7e891,main.dp.cpp,82bbb33b-c013-4f9f-84db-6577e28b11e7,DiffOperationEnum.delete,AddCommentsRule,ChangeTypeEnum.recommendation
628,d9bb2e91-58d8-46c8-adec-ac316cf7e891,main.dp.cpp,b5d98a0b-c80b-441a-95c4-a7d8dcda7505,DiffOperationEnum.delete,AddCommentsRule,ChangeTypeEnum.recommendation
629,d9bb2e91-58d8-46c8-adec-ac316cf7e891,main.dp.cpp,8ed36296-1daa-45f8-bae4-d99d56e17725,DiffOperationEnum.delete,AddCommentsRule,ChangeTypeEnum.recommendation
630,d9bb2e91-58d8-46c8-adec-ac316cf7e891,main.dp.cpp,0bdcddec-712f-4ca2-bb3b-0c770cd72b81,DiffOperationEnum.delete,AddCommentsRule,ChangeTypeEnum.recommendation
631,d9bb2e91-58d8-46c8-adec-ac316cf7e891,main.dp.cpp,34e85243-0259-423c-951f-cb584ddb3749,DiffOperationEnum.delete,AddCommentsRule,ChangeTypeEnum.recommendation
632,d9bb2e91-58d8-46c8-adec-ac316cf7e891,main.dp.cpp,2283eced-0a88-4096-aea6-56c9b4c21399,DiffOperationEnum.add,AddCommentsRule,ChangeTypeEnum.recommendation
633,cdc36588-77bd-4a42-a0a2-a2513846fce4,chi2.dp.cpp,fbf41b9e-20e3-4422-9ced-da7008580215,DiffOperationEnum.delete,AddCommentsRule,ChangeTypeEnum.recommendation
634,cdc36588-77bd-4a42-a0a2-a2513846fce4,chi2.dp.cpp,65a2fe0c-79c1-45ae-85f8-485b024bbc2d,DiffOperationEnum.delete,AddCommentsRule,ChangeTypeEnum.recommendation
635,cdc36588-77bd-4a42-a0a2-a2513846fce4,chi2.dp.cpp,dbef4f06-8064-4e91-b749-2a75e0e5dbf1,DiffOperationEnum.delete,AddCommentsRule,ChangeTypeEnum.recommendation
636,cdc36588-77bd-4a42-a0a2-a2513846fce4,chi2.dp.cpp,6688e182-0537-4795-b4eb-336cb8de5d77,DiffOperationEnum.delete,AddCommentsRule,ChangeTypeEnum.recommendation
637,cdc36588-77bd-4a42-a0a2-a2513846fce4,chi2.dp.cpp,651c8e66-6ca5-41fd-b4a7-0026c8b33480,DiffOperationEnum.add,AddCommentsRule,ChangeTypeEnum.recommendation
638,ff92442c-8d57-4f8b-be91-d32b5bf41ecc,chi2.dp.cpp,da76c6e7-1268-4b8c-a833-6d1929bb6721,DiffOperationEnum.delete,AddCommentsRule,ChangeTypeEnum.recommendation
639,ff92442c-8d57-4f8b-be91-d32b5bf41ecc,chi2.dp.cpp,599a5633-6186-4a8c-9727-9c2e54219998,DiffOperationEnum.delete,AddCommentsRule,ChangeTypeEnum.recommendation
640,ff92442c-8d57-4f8b-be91-d32b5bf41ecc,chi2.dp.cpp,e197e213-99ed-4633-a5d1-00de64e951cf,DiffOperationEnum.delete,AddCommentsRule,ChangeTypeEnum.recommendation
641,ff92442c-8d57-4f8b-be91-d32b5bf41ecc,chi2.dp.cpp,978f4c3a-b0a7-46ff-a0f7-052ca68e84c5,DiffOperationEnum.delete,AddCommentsRule,ChangeTypeEnum.recommendation
642,ff92442c-8d57-4f8b-be91-d32b5bf41ecc,chi2.dp.cpp,f17e016b-5027-41d7-ba4a-b6687f1cd5e9,DiffOperationEnum.add,AddCommentsRule,ChangeTypeEnum.recommendation
643,88e05618-e0bc-4ef9-b253-3c07fb5b3983,chi2.dp.cpp,a33a5ac6-ce79-4149-bf4d-2ce1fe192b3a,DiffOperationEnum.delete,AddCommentsRule,ChangeTypeEnum.recommendation
644,88e05618-e0bc-4ef9-b253-3c07fb5b3983,chi2.dp.cpp,f64b9a3f-cd89-48b4-af09-a9df78382628,DiffOperationEnum.delete,AddCommentsRule,ChangeTypeEnum.recommendation
645,88e05618-e0bc-4ef9-b253-3c07fb5b3983,chi2.dp.cpp,5a060f02-999a-4298-9f7f-7f71f3f0dfa8,DiffOperationEnum.delete,AddCommentsRule,ChangeTypeEnum.recommendation
646,88e05618-e0bc-4ef9-b253-3c07fb5b3983,chi2.dp.cpp,4bb64b92-8bd8-4b28-874a-85013291fccf,DiffOperationEnum.delete,AddCommentsRule,ChangeTypeEnum.recommendation
647,88e05618-e0bc-4ef9-b253-3c07fb5b3983,chi2.dp.cpp,623ee69e-90d2-4fa1-a1db-c831033db288,DiffOperationEnum.add,AddCommentsRule,ChangeTypeEnum.recommendation
648,9e859057-95cb-4052-8fe8-600a540d0080,chi2.dp.cpp,4e2d5064-910b-4291-a273-8ac5bf63dfc0,DiffOperationEnum.delete,AddCommentsRule,ChangeTypeEnum.recommendation
649,9e859057-95cb-4052-8fe8-600a540d0080,chi2.dp.cpp,30b3e6c2-0cd0-4c63-a773-ed1a2082bec1,DiffOperationEnum.delete,AddCommentsRule,ChangeTypeEnum.recommendation
650,9e859057-95cb-4052-8fe8-600a540d0080,chi2.dp.cpp,4f1cede7-af9b-4bda-b743-52dc4288061b,DiffOperationEnum.delete,AddCommentsRule,ChangeTypeEnum.recommendation
651,9e859057-95cb-4052-8fe8-600a540d0080,chi2.dp.cpp,dfe3a144-1f6f-4223-a159-9f0bf205bc69,DiffOperationEnum.delete,AddCommentsRule,ChangeTypeEnum.recommendation
652,9e859057-95cb-4052-8fe8-600a540d0080,chi2.dp.cpp,ee481cba-eb99-4bc6-b948-ac6b66733fe4,DiffOperationEnum.add,AddCommentsRule,ChangeTypeEnum.recommendation
653,75a5e555-bfab-42ca-b6dc-ac514db4ee0d,chi2.dp.cpp,8c3fc8c7-d2bc-420c-b0a7-7cd36c2a1b32,DiffOperationEnum.delete,AddCommentsRule,ChangeTypeEnum.recommendation
654,75a5e555-bfab-42ca-b6dc-ac514db4ee0d,chi2.dp.cpp,2a30ad67-3a7e-4f3b-920a-060c1e27c826,DiffOperationEnum.delete,AddCommentsRule,ChangeTypeEnum.recommendation
655,75a5e555-bfab-42ca-b6dc-ac514db4ee0d,chi2.dp.cpp,8ad9c1fe-7b37-4963-b523-86776a230245,DiffOperationEnum.delete,AddCommentsRule,ChangeTypeEnum.recommendation
656,75a5e555-bfab-42ca-b6dc-ac514db4ee0d,chi2.dp.cpp,323fc445-0117-4595-bf60-e71cd8313302,DiffOperationEnum.add,AddCommentsRule,ChangeTypeEnum.recommendation
657,ad686507-bd49-40fc-8e79-0dd0c433b0af,chi2.dp.cpp,7f548722-2bd2-4e12-9bf1-3839bb0b6547,DiffOperationEnum.delete,AddCommentsRule,ChangeTypeEnum.recommendation
658,ad686507-bd49-40fc-8e79-0dd0c433b0af,chi2.dp.cpp,77b0ce46-c8e5-454f-86f1-2b4b2085cde1,DiffOperationEnum.delete,AddCommentsRule,ChangeTypeEnum.recommendation
659,ad686507-bd49-40fc-8e79-0dd0c433b0af,chi2.dp.cpp,cd464441-0bb5-437c-8abd-e96611695960,DiffOperationEnum.delete,AddCommentsRule,ChangeTypeEnum.recommendation
660,ad686507-bd49-40fc-8e79-0dd0c433b0af,chi2.dp.cpp,192bddd3-0929-4a72-9aca-91a76a651103,DiffOperationEnum.add,AddCommentsRule,ChangeTypeEnum.recommendation
661,f44474b8-d45d-4583-9325-6362ec5bd881,chi2.dp.cpp,e25186e3-9a57-4be3-80da-51dfbb99610c,DiffOperationEnum.delete,AddCommentsRule,ChangeTypeEnum.recommendation
662,f44474b8-d45d-4583-9325-6362ec5bd881,chi2.dp.cpp,8ca566ba-0804-49b6-a039-5c7f8a049340,DiffOperationEnum.delete,AddCommentsRule,ChangeTypeEnum.recommendation
663,f44474b8-d45d-4583-9325-6362ec5bd881,chi2.dp.cpp,e08c3792-77c1-4dbe-acf4-13e25d19abed,DiffOperationEnum.delete,AddCommentsRule,ChangeTypeEnum.recommendation
664,f44474b8-d45d-4583-9325-6362ec5bd881,chi2.dp.cpp,00dfac36-8e6a-42cd-a502-f1a40d2e5c69,DiffOperationEnum.add,AddCommentsRule,ChangeTypeEnum.recommendation
665,1f6c0ad5-2c61-4709-88b7-b73b283d3238,chi2.dp.cpp,58080d10-8b62-4400-9f88-57d18176995e,DiffOperationEnum.delete,AddCommentsRule,ChangeTypeEnum.recommendation
666,1f6c0ad5-2c61-4709-88b7-b73b283d3238,chi2.dp.cpp,db35545f-2449-4074-82e7-59d58f051b01,DiffOperationEnum.delete,AddCommentsRule,ChangeTypeEnum.recommendation
667,1f6c0ad5-2c61-4709-88b7-b73b283d3238,chi2.dp.cpp,0339201d-5fbf-4113-9b9c-ab260fcee9e2,DiffOperationEnum.delete,AddCommentsRule,ChangeTypeEnum.recommendation
668,1f6c0ad5-2c61-4709-88b7-b73b283d3238,chi2.dp.cpp,2cb95eb7-016d-4778-a6a0-06469d0c9098,DiffOperationEnum.add,AddCommentsRule,ChangeTypeEnum.recommendation
